condition;iter;t;dt;10fthfglu3;12dgr;13dpg;1ag3p;2dr1p;2dr5p;2pg;3pg;5fthf;5fthfglu3;ACP_R;ACP;DNA;PdhC;RNA;ac;acald;accoa;actp;ade;adp;amp;ap;apoACP;atp;cdp;cdpdag;clpn;cmp;coa;ctp;dUTPase;dad_2;dadp;damp;datp;dcdp;dcmp;dctp;dcyt;dgdp;dgmp;dgsn;dgtp;dhap;dhlpl_PdhC;dnad;dtdp;dtmp;dttp;dump;e4p;f6p;fa;fdp;fmettrna;fmn;for;g1p;g3p;g6p;galfur12dgr;gdp;glyc3p;glyc;gmp;gtp;gua;h2o;h;lac__L;lgltn;lpl_PdhC;methfglu3;mlthfglu3;nac;nad;nadh;nadp;nadph;nh3;nicrnt;o2;pa;pap;pep;pg3p;pg;pi;ppi;prpp;pyr;r5p;ribflv;ru5p__D;s7p;thfglu3;thymd;trdox;trdrd;udp;udpg;udpgal;udpgalfur;udpgltn;ump;ura;utp;xu5p__D;AA;tRNA;AAtRNA;Protein
67;0;0;0.01;0.000884956;0.000884956;0.000884956;0.000884956;0.000884956;0.000884956;0.000884956;0.000884956;0.000884956;0.000884956;0.000884956;0.0206038;0.055;0.000884956;0.16274;0.000884956;0.016708;0.000884956;0.000884956;0.000884956;0.000884956;0.000884956;0.000884956;0.173544;0.000884956;0.000884956;0.000884956;0.00190167;0.000884956;0.000884956;0.000884956;0.000884956;0.000884956;0.000884956;0.000884956;0.000884956;0.000884956;0.000884956;0.000884956;0.000884956;0.000884956;0.000884956;0.000884956;0.000884956;0.000884956;0.000884956;0.000884956;0.000884956;0.000884956;0.000884956;0.000884956;0.000884956;0.000884956;0.000884956;0.000884956;0.000884956;0.000884956;0.000884956;0.000884956;0.000884956;0.000884956;0.000884956;0.000884956;0.000884956;0.000884956;0.000884956;0.000884956;0.000884956;0.000884956;0.000884956;0.000884956;0.000884956;0.000884956;0.000884956;0.000884956;0.000884956;0.000884956;0.000884956;0.000884956;0.000884956;0.000884956;0.000884956;0.000884956;0.000884956;0.000884956;0.000884956;0.000884956;0.000884956;0.000884956;0.000884956;0.000884956;0.000884956;0.000884956;0.000884956;0.000884956;0.000884956;0.000884956;0.000884956;0.000884956;0.000884956;0.000884956;0.000884956;0.000884956;0.000884956;0.000884956;0.000884956;0.000884956;0.000884956;0.000884956;0.000884956;0.000884956;0.000884956;0.475697
67;100;6.016e-05;6.4e-07;0.00086313;0.000897473;0.000844315;0.000910119;0.000842263;0.000804036;0.000852269;0.000884459;0.000314972;0.000885283;0.000892712;0.0205938;0.0549925;0.000757078;0.162689;0.000924543;0.0167237;0.000873866;0.000870875;0.000868904;0.000207362;0.000586988;0.000842758;0.173546;0.00235147;0.000863414;0.000884782;0.00190166;0.000902244;0.000907937;0.00076738;0.00088383;0.000923748;0.000871074;0.000881128;0.000880372;0.000870741;0.000851333;0.000876981;0.000892961;0.000925348;0.000871224;0.000923333;0.000827503;0.000909973;0.00087022;0.000718219;0.000871096;0.000881136;0.000880213;0.000915638;0.000847624;0.00110459;0.000935073;0.000778798;0.00143205;0.000863471;0.000884947;0.000877535;0.00104372;0.000793414;0.000886657;0.000864213;0.0008573;0.000927673;0.00090238;0.000771567;0.000868676;0.00116822;0.000924707;0.000930334;0.000885148;0.00102684;0.000880793;0.000890605;0.00087881;0.00109508;0.000608478;0.000884939;0.000862179;0.000921244;0.00101182;0.00091534;0.000869203;0.000859749;0.000938465;0.000871961;0.000896732;0.00097222;0.000791786;0.00068114;0.00086293;0.0010761;0.000896664;0.00081394;0.000866019;0.00089517;0.000893694;0.000918583;0.000917973;0.000871471;0.000877178;0.000885138;0.000878253;0.000886337;0.000901431;0.000917832;0.000831199;0.000825894;0.000878864;0.000363092;0.00279807;0.473966
67;200;0.00018432;1.28e-06;0.000839715;0.000919751;0.000817588;0.000955064;0.000785185;0.000637953;0.000822743;0.000851333;2.40082e-05;0.000884305;0.000914663;0.0205664;0.0549928;0.000467394;0.162628;0.000922462;0.016754;0.000835793;0.000868592;0.000841703;0.000307296;0.000191778;0.000793499;0.173551;0.00314162;0.000851366;0.000884092;0.00190162;0.000911907;0.000973377;0.000639032;0.000883648;0.000980085;0.000878007;0.000878861;0.000857764;0.00087616;0.000780077;0.000853952;0.000900323;0.00106652;0.00084312;0.000978523;0.00068358;0.00102091;0.000956143;0.000473407;0.000878018;0.000878958;0.000857454;0.000987886;0.000774833;0.00146043;0.000939237;0.000628467;0.00197215;0.000851455;0.000878624;0.000840769;0.00126093;0.000659362;0.000892076;0.000851734;0.00082952;0.000926653;0.000909719;0.000643701;0.00084364;0.00145035;0.000938602;0.000938033;0.000885761;0.0012313;0.000891321;0.000897729;0.000880025;0.0013485;0.000300263;0.000884883;0.000816802;0.000920805;0.00117962;0.000906025;0.000839039;0.000800232;0.001042;0.000846903;0.000919448;0.00130573;0.000584363;0.000407002;0.000819497;0.0013789;0.00090581;0.000672764;0.000833071;0.000903762;0.000902435;0.000913597;0.000911019;0.000875836;0.000849319;0.000885722;0.000856894;0.000890736;0.000906518;0.000912101;0.00078683;0.000713428;0.00088282;0.000572307;0.00405597;0.472203
67;300;0.00043264;2.56e-06;0.000813229;0.000943647;0.00080194;0.00101571;0.000756911;0.000353348;0.000828772;0.00080159;3.18391e-05;0.000877134;0.000962632;0.020509;0.0549929;5.13667e-06;0.162545;0.000887852;0.0168026;0.000757623;0.000870446;0.000778785;0.000406874;0.000113543;0.000727122;0.173561;0.00396029;0.000835392;0.000882177;0.00190153;0.00092471;0.00108808;0.000486377;0.000883466;0.00103682;0.000896079;0.000875688;0.000817525;0.000888635;0.000644257;0.000813007;0.000904499;0.00128388;0.000793823;0.00103388;0.000474496;0.00119229;0.00116775;8.11591e-05;0.000895941;0.000876016;0.000817029;0.0011312;0.000656838;0.00186814;0.000913501;0.000567312;0.00254712;0.000835524;0.000837472;0.00071767;0.00145751;0.00064935;0.000905476;0.000826704;0.000792451;0.000892515;0.000881671;0.000519864;0.000834191;0.00175299;0.000947277;0.000899514;0.000887276;0.00148318;0.000904731;0.000906452;0.000894813;0.00142918;0.000315523;0.000884719;0.000662186;0.000887728;0.0013548;0.000864904;0.000799987;0.000504649;0.00114569;0.00081383;0.000949455;0.00178124;0.000278937;0.000170758;0.000780423;0.00174132;0.000911851;0.000458903;0.000803878;0.000911699;0.000910653;0.000876034;0.00086817;0.000886451;0.000780824;0.000887168;0.000804068;0.000901614;0.000871836;0.000885254;0.000815838;0.000537673;0.000887823;0.000813951;0.0054443;0.470266
67;400;0.00076032;1.024e-06;0.000790896;0.000958917;0.000748269;0.00107205;0.000725088;0.000143712;0.000851867;0.000793247;3.69166e-05;0.00086995;0.00102415;0.020437;0.0549972;4.87492e-06;0.162477;0.00085297;0.0168435;0.000660415;0.000876568;0.000728546;0.000480029;0.000132692;0.000665674;0.173573;0.00451499;0.000820988;0.000893393;0.00190139;0.000936242;0.00122813;0.000337152;0.000883305;0.00107128;0.000921523;0.000872638;0.000768092;0.000901368;0.000528497;0.000764617;0.000902513;0.00142644;0.000739485;0.00106757;0.00036293;0.00134467;0.00122155;3.85797e-05;0.00092109;0.000873306;0.000767506;0.00126689;0.000528576;0.00220546;0.000888186;0.000618956;0.00301112;0.000821157;0.000796214;0.000550726;0.00157556;0.000737888;0.000924632;0.000791633;0.000758548;0.000857556;0.000809896;0.000427948;0.000854119;0.0020305;0.000975629;0.000861672;0.000889444;0.00142951;0.000917113;0.000913902;0.00092587;0.00146902;0.000339046;0.000884378;0.000474473;0.00085655;0.00134102;0.000823931;0.000756106;0.000145811;0.00119859;0.000783779;0.000976744;0.00208422;9.51814e-05;0.000155807;0.000751976;0.00204797;0.000916331;0.000245724;0.000797359;0.000917566;0.000917705;0.000840697;0.000824102;0.000910861;0.000716373;0.000889247;0.000728481;0.000917169;0.00079156;0.000872845;0.000869072;0.000352668;0.000892442;0.00102018;0.00658521;0.468688
67;500;0.00090368;2.048e-06;0.000783241;0.000964186;0.0007186;0.00109409;0.000686399;0.000134867;0.000861823;0.000799474;3.92255e-05;0.000867255;0.00104974;0.0204074;0.0550011;4.86976e-06;0.162458;0.000840289;0.0168515;0.000622575;0.000878724;0.000713309;0.000504687;0.000140242;0.000641358;0.173577;0.00469397;0.000815093;0.000903596;0.00190133;0.000940959;0.001283;0.000277858;0.000883242;0.00107997;0.000932009;0.000871372;0.000746503;0.000904424;0.000498725;0.00074438;0.000900175;0.00145712;0.000717153;0.00107612;0.000349799;0.00139702;0.00122751;3.9992e-05;0.000931432;0.000872193;0.000745917;0.00130866;0.00047876;0.00232373;0.000879714;0.000641524;0.00316757;0.000815276;0.000780918;0.000482418;0.00159901;0.000774808;0.00093308;0.000776009;0.000745096;0.000844835;0.000783628;0.00039522;0.000864005;0.00213217;0.000990492;0.000847919;0.0008904;0.00142351;0.000921498;0.000916349;0.000937488;0.00149822;0.000347812;0.000884154;0.000395125;0.00084452;0.001324;0.000808809;0.000734841;1.58874e-05;0.00121094;0.000771694;0.00098772;0.0021352;9.37361e-05;0.000157617;0.000742897;0.00215126;0.000918317;0.000171347;0.000800879;0.000919532;0.000920671;0.00082834;0.000807406;0.000922027;0.000700543;0.000890178;0.000695118;0.000924031;0.000762594;0.000867978;0.000883005;0.000282079;0.000894304;0.00109105;0.00697257;0.468159
67;600;0.0011904;4.096e-06;0.000770207;0.00097424;0.00066274;0.00113648;0.000628404;0.000132902;0.000880775;0.000813585;4.63275e-05;0.000862864;0.00109837;0.0203658;0.0550089;1.33499e-05;0.16242;0.000816591;0.0168633;0.000555566;0.000882756;0.000664953;0.000535391;0.000111815;0.00059577;0.173571;0.00491548;0.000797212;0.000911265;0.0019012;0.000949072;0.00138135;0.000197581;0.000883137;0.0010879;0.000953337;0.000869129;0.000704832;0.000908362;0.000467195;0.000705456;0.000893788;0.00150142;0.000673798;0.0010841;0.000344219;0.00148358;0.00122757;3.97047e-05;0.000952465;0.000870263;0.000704263;0.00136885;0.000394347;0.00252089;0.00086396;0.000680347;0.00343181;0.00080515;0.00075257;0.000361165;0.00163758;0.000839591;0.00094981;0.000746817;0.000720197;0.00082091;0.000727023;0.000345071;0.000890192;0.0023126;0.00102158;0.000822293;0.000892294;0.00141485;0.000930704;0.000920107;0.000962734;0.00157363;0.000367681;0.000883388;0.000245716;0.000820994;0.00127468;0.000780975;0.000701855;2.80805e-06;0.00122794;0.000747613;0.00100959;0.00218937;0.000100527;0.00016056;0.000728368;0.00227661;0.000922573;8.53221e-05;0.000806165;0.000922905;0.000926741;0.000806544;0.000775906;0.000945079;0.000667755;0.000892049;0.000629;0.000937624;0.000702342;0.000861047;0.000913835;0.000156892;0.000898753;0.00120958;0.00762229;0.467272
67;700;0.00150006;1.6384e-06;0.000758488;0.000984577;0.000612155;0.00118009;0.000596744;0.000131402;0.00089731;0.000826344;5.03267e-05;0.000858973;0.00114723;0.0203268;0.0550174;4.91348e-06;0.16238;0.000794218;0.0168732;0.00049442;0.000885696;0.000614835;0.000564482;0.000115663;0.000549074;0.173563;0.0051022;0.000752554;0.000902934;0.00190106;0.000957279;0.00147344;0.000177192;0.000883044;0.00108536;0.00097592;0.000866834;0.000661172;0.000910034;0.000457064;0.000664757;0.000885556;0.00154194;0.000628392;0.001082;0.000345807;0.00155538;0.00122893;4.15746e-05;0.00097473;0.000868308;0.000660627;0.00141381;0.000340293;0.00267199;0.000850199;0.000711764;0.00366698;0.000794895;0.000725492;0.000245931;0.00164828;0.000896157;0.00096743;0.000717264;0.00069472;0.000798304;0.000667487;0.000306352;0.000923847;0.00247652;0.00105633;0.000797747;0.00089429;0.00142189;0.000941829;0.000921392;0.000989806;0.00165064;0.000387816;0.00088053;0.00010207;0.000798024;0.00121782;0.000754655;0.000678767;4.0997e-06;0.00123715;0.000721811;0.00103301;0.00223639;0.000100021;0.000164406;0.000718658;0.00232995;0.000927666;6.74381e-05;0.00078324;0.000925978;0.000933553;0.000788278;0.00074438;0.000969607;0.000634476;0.000894045;0.000559286;0.000951947;0.000642346;0.00085556;0.000943485;0.000110647;0.000903798;0.00131539;0.00819513;0.466486
67;800;0.0017278;3.2768e-06;0.000750964;0.000992146;0.000582346;0.00121101;0.000585461;0.000130723;0.00090688;0.000833289;5.17692e-05;0.000856387;0.001181;0.0202999;0.0550236;7.67387e-06;0.162352;0.000779619;0.0168796;0.000455708;0.000886686;0.000583308;0.000585154;0.0001193;0.000515618;0.173557;0.00522928;0.000713661;0.000893881;0.00190096;0.000963417;0.00153313;0.00017945;0.000882984;0.00107879;0.000991864;0.000865127;0.000629665;0.000910071;0.000456952;0.000635424;0.000879251;0.00156997;0.000595832;0.00107594;0.000347655;0.00159568;0.00122989;4.27093e-05;0.000990444;0.000866852;0.000629137;0.00144047;0.000313527;0.00276139;0.000842163;0.000728649;0.00381673;0.000787215;0.000707453;0.000168098;0.00165271;0.000930105;0.000980053;0.000696619;0.000676329;0.000783611;0.000626742;0.000282866;0.000950073;0.00258319;0.00108198;0.000781;0.000895721;0.00141812;0.000962709;0.000908524;0.00100875;0.00169527;0.000392989;0.000864216;3.75136e-05;0.000782654;0.00117752;0.000737374;0.00066421;4.21473e-06;0.00124324;0.000702905;0.00105017;0.00226;0.000100151;0.000166769;0.000713116;0.00235068;0.000931705;6.71595e-05;0.000758912;0.000927979;0.000938731;0.00078224;0.000718859;0.000986577;0.000612533;0.00089548;0.000509303;0.000962212;0.000603843;0.000851794;0.000963366;0.000110214;0.000907315;0.00138307;0.0085582;0.465987
67;900;0.00198797;1.31072e-06;0.000743226;0.00100098;0.000556504;0.0012454;0.000579621;0.000130643;0.000915961;0.000839363;5.38402e-05;0.000853548;0.00121758;0.020271;0.0550306;4.93255e-06;0.162322;0.000764482;0.0168863;0.000416964;0.000886559;0.000551518;0.000606271;0.000123489;0.000477836;0.17355;0.00536525;0.000669067;0.000884162;0.00190084;0.000970768;0.00159425;0.000185874;0.00088292;0.00106858;0.00100895;0.000863107;0.000594583;0.000908912;0.000460133;0.000602748;0.000872139;0.00160027;0.000559441;0.00106644;0.00035006;0.00163277;0.00123071;4.36811e-05;0.00100727;0.000865118;0.000594073;0.00146771;0.000287795;0.00285437;0.000834828;0.000743926;0.00396992;0.000778012;0.000688304;8.58754e-05;0.001662;0.000962702;0.000994132;0.000673405;0.000655334;0.000768473;0.00058313;0.000259565;0.00098056;0.00269385;0.00111098;0.000761879;0.000897319;0.00142001;0.00101277;0.000866497;0.00102946;0.00171673;0.000394321;0.000817007;3.43839e-05;0.000766324;0.00113205;0.000719501;0.000647316;4.34463e-06;0.00125056;0.000681255;0.00106981;0.002279;0.000100473;0.000169288;0.000708338;0.0023713;0.000936603;6.82276e-05;0.000733378;0.000930065;0.000944825;0.000785628;0.000683762;0.00100443;0.00058936;0.00089707;0.000453519;0.000973666;0.000565557;0.000847433;0.00098596;0.00011259;0.000911045;0.00145245;0.00892815;0.465481
67;1000;0.00216623;2.62144e-06;0.000738356;0.00100716;0.000542134;0.00126842;0.000578381;0.000130924;0.000921338;0.000842598;5.57908e-05;0.000851741;0.00124152;0.0202522;0.0550355;4.93511e-06;0.162302;0.000754695;0.0168906;0.000393496;0.000885974;0.000531798;0.000619487;0.000126139;0.000452506;0.173546;0.00545285;0.000639488;0.00087826;0.00190076;0.000975768;0.00163238;0.000190887;0.000882879;0.00106062;0.00102027;0.000861733;0.000571027;0.000907813;0.000463535;0.000580849;0.000867387;0.00162034;0.000535046;0.00105902;0.000351803;0.00165437;0.00123174;4.42821e-05;0.00101842;0.000863941;0.00057053;0.00148504;0.000273079;0.002913;0.00083041;0.000753032;0.00406592;0.000771743;0.000675811;3.87381e-05;0.00167025;0.0009775;0.00100358;0.000657614;0.000641193;0.000758708;0.00055467;0.000245548;0.00100144;0.00276378;0.00113037;0.000749248;0.000898391;0.00141894;0.00104758;0.000836856;0.00104328;0.00172931;0.000398225;0.000783936;3.46589e-05;0.000755655;0.00110085;0.00070797;0.000635295;4.42629e-06;0.00125564;0.000666376;0.0010833;0.00229052;0.000100667;0.000170824;0.000705221;0.00238464;0.000940081;6.90448e-05;0.000717198;0.000931395;0.000949078;0.000788774;0.000660166;0.00101605;0.000573121;0.000898121;0.000416088;0.000981351;0.000542473;0.000844183;0.00100215;0.000114443;0.000913586;0.00149603;0.00915917;0.465165
67;1100;0.0023749;1.04858e-06;0.000733027;0.00101449;0.000527942;0.0012948;0.000578777;0.000131475;0.00092689;0.000845745;5.76813e-05;0.000849752;0.0012685;0.020231;0.0550412;4.94143e-06;0.16228;0.000743721;0.0168954;0.000368879;0.000884845;0.000510401;0.00063407;0.000129151;0.00042349;0.173541;0.00554966;0.000606011;0.000872338;0.00190067;0.000981565;0.00167363;0.000196742;0.000882832;0.00105074;0.00103315;0.000860139;0.000543906;0.000906321;0.000468149;0.000555696;0.000861985;0.00164317;0.000507034;0.00104982;0.0003539;0.00167697;0.0012323;4.49951e-05;0.00103109;0.000862577;0.000543425;0.00150444;0.000258952;0.00297473;0.00082571;0.000762741;0.00417065;0.000764467;0.000661715;2.26726e-05;0.00168063;0.000964465;0.00101442;0.000638915;0.00062492;0.000747778;0.000522781;0.000230985;0.00102563;0.00284066;0.00115251;0.000735005;0.000899625;0.00141835;0.00108772;0.000802503;0.00105913;0.00174535;0.000403163;0.000745732;3.50173e-05;0.000743617;0.00106433;0.00069505;0.000620649;4.51839e-06;0.00126081;0.000648932;0.00109912;0.0023019;0.000100362;0.000172043;0.000701937;0.00239963;0.00094425;7.00004e-05;0.00069921;0.000932865;0.000954117;0.00079281;0.000633212;0.00102942;0.000546435;0.000899291;0.00037308;0.000990183;0.000518641;0.000840009;0.00102714;0.000116636;0.000916559;0.00154365;0.00941041;0.464822
67;1200;0.00251541;2.09715e-06;0.000729636;0.00101949;0.00051975;0.00131219;0.000579788;0.000131929;0.000930163;0.000847582;5.88136e-05;0.00084847;0.00128607;0.0202173;0.0550451;4.94412e-06;0.162266;0.000736536;0.0168985;0.000353959;0.000883825;0.000496898;0.000643366;0.00013103;0.000404351;0.173537;0.00561175;0.000584173;0.000868915;0.00190061;0.000985439;0.00169944;0.000200642;0.000882801;0.00104391;0.00104163;0.000859073;0.000525873;0.000905247;0.000471467;0.000539002;0.000858452;0.00165819;0.000488494;0.00104347;0.000355311;0.00169092;0.00123278;4.54563e-05;0.00103944;0.000861667;0.000525404;0.0015171;0.000251252;0.00301092;0.000822733;0.0007688;0.00423709;0.000759598;0.000652452;2.20628e-05;0.00168775;0.000951822;0.0010216;0.000626033;0.000614133;0.000740632;0.000502059;0.000222313;0.00104173;0.00288972;0.00116702;0.000725655;0.000900443;0.00141784;0.00111434;0.000779627;0.00106964;0.00175684;0.000406616;0.000720354;3.52693e-05;0.000735703;0.00103969;0.000686609;0.000610465;4.57552e-06;0.0012635;0.000637167;0.00110978;0.00230855;0.000100516;0.000172925;0.000700146;0.00240936;0.000947101;7.06206e-05;0.000687549;0.000933809;0.000957538;0.000795635;0.000615388;0.00103854;0.000526774;0.000900028;0.00034463;0.000996027;0.000504382;0.000836937;0.00104456;0.00011806;0.000918556;0.00157386;0.0095694;0.464605
67;1300;0.00274861;8.38861e-07;0.000724314;0.00102788;0.000508187;0.00134037;0.000582304;0.000132769;0.000934823;0.00085023;6.07058e-05;0.000846433;0.00131426;0.0201953;0.0550517;4.94946e-06;0.162244;0.000724908;0.0169035;0.000331917;0.000881715;0.000475812;0.000657981;0.00013392;0.000373375;0.173532;0.0057102;0.000549214;0.000863968;0.00190051;0.000991807;0.00173909;0.000207004;0.000882751;0.00103245;0.00105546;0.00085732;0.000496291;0.000903461;0.000477161;0.00051163;0.000852776;0.00168252;0.000458277;0.00103284;0.000357639;0.00171231;0.00123309;4.61937e-05;0.00105305;0.000860171;0.000495838;0.00153757;0.000241342;0.00306305;0.000818027;0.00077816;0.00434108;0.000751584;0.00063742;2.14906e-05;0.00169953;0.000938206;0.00103328;0.000603953;0.000596564;0.000729081;0.000468886;0.000210077;0.00106803;0.00296685;0.00119038;0.000710497;0.000901775;0.00141749;0.00115782;0.000742173;0.00108687;0.00177671;0.000412481;0.000678895;3.57011e-05;0.000722866;0.000998735;0.000672997;0.000593207;4.66325e-06;0.00126705;0.000617626;0.00112748;0.00231937;0.000100963;0.000174452;0.000697695;0.00242488;0.000951895;7.15817e-05;0.000668895;0.000935303;0.000963254;0.000800427;0.000586334;0.00105372;0.000495031;0.000901133;0.000298364;0.00100554;0.000483662;0.000831386;0.00107147;0.000120255;0.000921865;0.00162106;0.0098174;0.464268
67;1400;0.0028434;1.67772e-06;0.00072225;0.00103131;0.00050413;0.00135155;0.000583538;0.000133132;0.000936479;0.000851181;6.14782e-05;0.000845637;0.00132538;0.0201867;0.0550543;4.95106e-06;0.162235;0.000720283;0.0169055;0.000323892;0.000880716;0.000467659;0.000663651;0.000135034;0.000361098;0.17353;0.00574873;0.000535464;0.000862191;0.00190046;0.000994371;0.00175414;0.000209507;0.000882732;0.00102778;0.00106101;0.000856613;0.000484379;0.000902752;0.00047951;0.000500609;0.000850536;0.00169221;0.00044619;0.00102852;0.000358587;0.00172048;0.0012333;4.64875e-05;0.00105852;0.000859569;0.000483931;0.00154572;0.000238218;0.00308192;0.000816186;0.000781749;0.00438132;0.000748352;0.000631428;2.13281e-05;0.00170429;0.000934778;0.00103793;0.000594701;0.000589553;0.000724491;0.000455838;0.000205862;0.00107856;0.0029968;0.00119963;0.000704459;0.000902308;0.00141727;0.00117523;0.000727145;0.0010938;0.00178501;0.000414901;0.000662288;3.58796e-05;0.000717752;0.000982084;0.000667602;0.000586096;4.69705e-06;0.00126828;0.000609684;0.00113468;0.00232377;0.000101162;0.000175044;0.000696823;0.00243095;0.000953862;7.19438e-05;0.000661576;0.000935886;0.000965588;0.000802404;0.000574711;0.00105986;0.000482461;0.000901531;0.000279914;0.00100933;0.000476253;0.000828975;0.00108175;0.000121074;0.00092321;0.00163929;0.00991304;0.464139
67;1500;0.00303298;3.35544e-06;0.000718274;0.00103819;0.000496983;0.00137338;0.00058625;0.000133881;0.00093946;0.000852891;6.30166e-05;0.000844095;0.00134708;0.0201699;0.0550596;4.95468e-06;0.162218;0.000711199;0.0169094;0.000309348;0.000878495;0.000451993;0.000674579;0.00013717;0.00033715;0.173525;0.00582344;0.000508731;0.000858991;0.00190038;0.000999457;0.00178251;0.000214321;0.000882693;0.00101847;0.001072;0.000855209;0.000460738;0.000901381;0.000484225;0.000478733;0.000846167;0.00171122;0.00042234;0.00101992;0.000360504;0.00173607;0.0012335;4.70663e-05;0.00106934;0.000858375;0.000460298;0.00156177;0.00023326;0.00311642;0.000812598;0.000788619;0.00445864;0.000741934;0.000619637;2.10886e-05;0.00171377;0.000930612;0.0010471;0.000575719;0.000575783;0.000715484;0.00043049;0.000198641;0.00109932;0.00305457;0.00121775;0.000692586;0.00090336;0.00141704;0.00120959;0.000697441;0.00110757;0.00180188;0.000419791;0.000629504;3.62405e-05;0.000707702;0.000948782;0.000657041;0.000571761;4.76192e-06;0.00127052;0.000593811;0.00114905;0.00233262;0.000101577;0.000176174;0.000695205;0.00244263;0.000957822;7.26151e-05;0.000647446;0.000937016;0.00097027;0.000806392;0.000551782;0.00107197;0.000457902;0.000902215;0.000243658;0.0010168;0.000463058;0.000823914;0.0011013;0.000122574;0.000925896;0.00167428;0.0100963;0.46389
67;1600;0.00319606;6.71089e-07;0.000715005;0.00104413;0.000491767;0.00139154;0.000588771;0.000134544;0.000941731;0.00085418;6.43186e-05;0.00084282;0.00136521;0.0201559;0.0550642;4.95965e-06;0.162203;0.000703555;0.0169127;0.000298344;0.000876363;0.000439144;0.000683563;0.000138919;0.000317266;0.173522;0.00588537;0.000486519;0.000856575;0.00190031;0.00100378;0.00180522;0.000218232;0.00088266;0.00101051;0.00108133;0.000854012;0.000440602;0.000900254;0.000488276;0.000460092;0.000842524;0.0017272;0.000402166;0.00101258;0.000362191;0.0017488;0.00123302;4.75538e-05;0.00107853;0.000857359;0.000440166;0.00157532;0.000230137;0.00314321;0.000809588;0.000794244;0.00452207;0.000736462;0.000609694;2.09521e-05;0.0017219;0.000929245;0.00105481;0.000558908;0.000564229;0.00070791;0.000409499;0.000193604;0.00111684;0.00310216;0.00123294;0.000682578;0.000904249;0.0014175;0.00123866;0.000672275;0.00111932;0.00181664;0.000424012;0.000601766;3.6552e-05;0.000699242;0.00092014;0.000648196;0.000559356;4.81508e-06;0.00127229;0.00058018;0.00116139;0.00234029;0.000101951;0.000177095;0.000693899;0.00245218;0.00096125;7.31361e-05;0.000635898;0.000937949;0.000974307;0.000809851;0.000532391;0.00108215;0.000437403;0.00090265;0.000213207;0.00102309;0.000453329;0.000819328;0.0011171;0.000123718;0.000928204;0.00170294;0.0102461;0.463688
67;1700;0.00330545;1.34218e-06;0.000712884;0.00104811;0.00048871;0.00140337;0.000590532;0.000134996;0.00094313;0.00085496;6.52019e-05;0.000841989;0.00137709;0.0201467;0.0550673;4.96002e-06;0.162194;0.000698511;0.0169149;0.00029174;0.000874821;0.000430824;0.000689383;0.000140047;0.000304345;0.173519;0.00592579;0.000472008;0.000855109;0.00190026;0.00100666;0.00181957;0.000220729;0.000882639;0.0010052;0.00108753;0.000853215;0.000427203;0.000899524;0.000490984;0.000447681;0.000840139;0.00173772;0.000388805;0.0010077;0.000363349;0.00175704;0.00123348;4.78781e-05;0.00108463;0.000856683;0.000426769;0.00158429;0.000228522;0.00315991;0.000807593;0.000797892;0.00456314;0.000732818;0.000603122;2.08875e-05;0.00172736;0.000929195;0.00105989;0.000547402;0.000556646;0.000702916;0.000395855;0.000190764;0.00112841;0.00313308;0.00124293;0.000675965;0.000904838;0.00141702;0.00125792;0.000655596;0.00112716;0.00182659;0.000426879;0.000583399;3.67622e-05;0.000693659;0.000900932;0.000642382;0.000551021;4.8494e-06;0.00127342;0.000571053;0.00116965;0.00234546;0.000102208;0.000177688;0.00069305;0.00245831;0.00096356;7.34574e-05;0.000628497;0.000938557;0.000977019;0.00081218;0.000519552;0.00108882;0.000423977;0.000902837;0.000193202;0.00102723;0.000447584;0.000816144;0.00112722;0.000124413;0.00092975;0.00172148;0.0103429;0.463557
67;1800;0.00352422;2.68435e-06;0.000708799;0.00105607;0.000483542;0.00142605;0.000594174;0.000135914;0.000945683;0.000856348;6.69432e-05;0.000840385;0.00140023;0.0201289;0.0550734;7.44617e-06;0.162175;0.000688615;0.0169193;0.000280197;0.000871496;0.000414842;0.000700565;0.000142209;0.000279615;0.173515;0.00600415;0.000443859;0.000852492;0.00190017;0.00101235;0.00184645;0.000225418;0.000882596;0.00099468;0.00109976;0.000851634;0.000400684;0.000898115;0.000496361;0.000423095;0.000835503;0.0017583;0.000362487;0.000998051;0.000365738;0.00177293;0.00123349;4.85136e-05;0.00109668;0.000855345;0.000400248;0.00160196;0.000226188;0.00319077;0.000803624;0.000804939;0.00464204;0.000725592;0.000590207;2.08062e-05;0.00173832;0.000930614;0.0010698;0.000523913;0.000541919;0.000693124;0.000369656;0.00018618;0.00115108;0.00319274;0.00126247;0.000662968;0.000905999;0.00141449;0.00129584;0.000622727;0.00114273;0.00184659;0.000432616;0.000547241;3.71834e-05;0.000682708;0.000862532;0.000631033;0.000534372;4.91526e-06;0.00127556;0.000552844;0.00118612;0.00235584;0.000102739;0.000178825;0.000691388;0.0024699;0.000968196;7.40381e-05;0.000614577;0.000939729;0.000982446;0.00081685;0.000494265;0.00110168;0.000397891;0.000902858;0.000154386;0.00103532;0.000437781;0.000809558;0.00114636;0.000125648;0.000932832;0.00175705;0.0105281;0.463308
67;1900;0.00369441;1.07374e-06;0.000705756;0.0010623;0.000480305;0.00144271;0.000597089;0.000136638;0.00094748;0.000857295;6.82489e-05;0.000839186;0.00141768;0.0201155;0.0550781;4.96648e-06;0.162161;0.000681083;0.0169226;0.000272652;0.000868707;0.000402971;0.000708886;0.000143809;0.000261538;0.173511;0.00606294;0.00042272;0.000850701;0.00190009;0.00101673;0.00186577;0.000228791;0.000882564;0.000986592;0.0011091;0.000850417;0.000380335;0.000897051;0.0005005;0.000404204;0.000832013;0.00177389;0.000342377;0.000990656;0.000367673;0.00178483;0.00123341;4.89976e-05;0.00110589;0.000854318;0.000379894;0.00161547;0.00022501;0.00321276;0.000800512;0.000810228;0.00470067;0.000720028;0.000580358;2.07755e-05;0.00174689;0.000932734;0.00107723;0.000505259;0.000530914;0.000685677;0.000350341;0.000183457;0.00116827;0.00323729;0.00127728;0.000653055;0.000906886;0.00141704;0.0013248;0.00059761;0.00115478;0.00186222;0.000437064;0.000519636;3.75085e-05;0.000674379;0.000832675;0.000622452;0.000521491;4.96409e-06;0.00127713;0.000538729;0.00119889;0.00236395;0.000103164;0.000179666;0.000690117;0.0024783;0.000971813;7.44391e-05;0.000604592;0.000940604;0.000986668;0.000820483;0.000474945;0.0011111;0.000378296;0.000902375;0.000125624;0.00104138;0.000431554;0.000804264;0.00116033;0.000126484;0.000935235;0.00178342;0.0106652;0.463123
67;2000;0.00386728;2.14748e-06;0.000702776;0.0010687;0.000477636;0.00145862;0.000600099;0.00013738;0.000949164;0.000858164;6.95701e-05;0.000838009;0.00143493;0.0201024;0.0550829;4.96868e-06;0.162147;0.000673572;0.0169259;0.000266163;0.000865711;0.000391377;0.000717004;0.000145365;0.000244356;0.173508;0.00612088;0.000401881;0.000849055;0.00190002;0.00102111;0.0018841;0.000231985;0.000882532;0.000978467;0.00111842;0.000849192;0.000359948;0.000895978;0.000504661;0.000385246;0.000828569;0.00178937;0.000322267;0.000983247;0.000369709;0.00179658;0.00123345;4.94811e-05;0.00111508;0.000853285;0.000359496;0.00162899;0.000224236;0.00323357;0.000797286;0.000815461;0.00475795;0.000714428;0.000570521;2.07647e-05;0.00175562;0.0009355;0.00108444;0.00048602;0.000520187;0.000678255;0.000331746;0.000181293;0.0011853;0.00328102;0.00129199;0.00064315;0.000907775;0.00141698;0.00135374;0.000572499;0.00116695;0.00187808;0.000441583;0.000492057;3.78374e-05;0.000666082;0.000802363;0.000613948;0.000508518;5.01166e-06;0.00127865;0.000524443;0.0012118;0.00237218;0.000103603;0.000180483;0.000688842;0.00248627;0.000975494;7.48076e-05;0.000595215;0.000941459;0.000990954;0.000824166;0.000455622;0.0011199;0.000359002;0.000901112;9.8364e-05;0.00104725;0.000426314;0.000798768;0.00117374;0.000127241;0.000937664;0.00180917;0.0107987;0.462944
67;2100;0.00407129;8.58993e-07;0.00069939;0.00107656;0.00047518;0.00147593;0.000603698;0.000138261;0.000950997;0.000859097;7.10924e-05;0.000836668;0.0014547;0.0200873;0.0550884;4.972e-06;0.162131;0.000664879;0.0169298;0.000259856;0.000861993;0.000378247;0.000726197;0.000147119;0.000225791;0.173503;0.00618709;0.000378052;0.000847286;0.00189993;0.00102622;0.00190424;0.000235476;0.000882494;0.000969001;0.00112915;0.00084776;0.000336298;0.000894693;0.000509512;0.000363201;0.000824629;0.00180717;0.000298938;0.000974639;0.000372202;0.00181008;0.00123321;5.00401e-05;0.00112566;0.00085208;0.00033583;0.00164469;0.000223727;0.00325645;0.000793341;0.000821485;0.00482286;0.000707884;0.000559117;2.07704e-05;0.00176596;0.000939288;0.00109223;0.000462989;0.000508175;0.000669668;0.00031122;0.00017935;0.00120481;0.00333082;0.00130893;0.000631658;0.00090881;0.00141719;0.0013873;0.000543379;0.00118126;0.00189675;0.000446881;0.000460096;3.82213e-05;0.000656491;0.000766609;0.000604177;0.000493403;5.06541e-06;0.00128032;0.000507656;0.00122697;0.00238183;0.000104128;0.000181399;0.000687364;0.002495;0.000979842;7.52004e-05;0.000585119;0.000942428;0.000996005;0.000828493;0.000433194;0.0011286;0.000337002;0.000897726;7.06221e-05;0.00105355;0.000421329;0.000792169;0.0011886;0.000128038;0.000940522;0.0018383;0.0109496;0.462742
67;2200;0.00419155;1.71799e-06;0.000697456;0.00108152;0.000474043;0.00148532;0.000605835;0.000138783;0.000952007;0.000859612;7.19744e-05;0.000835901;0.00146607;0.0200787;0.0550917;4.97335e-06;0.162122;0.000659836;0.016932;0.000256762;0.000859719;0.000370773;0.000731429;0.000148114;0.000215807;0.173501;0.00622507;0.000364372;0.000846308;0.00189988;0.0010292;0.00191543;0.000237402;0.000882472;0.000963485;0.00113533;0.000846923;0.000322594;0.000893908;0.000512341;0.000350393;0.000822366;0.00181744;0.000285389;0.000969634;0.000373716;0.00181789;0.0012332;5.03644e-05;0.00113175;0.000851377;0.000322112;0.00165382;0.000223585;0.00326917;0.00079092;0.00082497;0.00485985;0.000704059;0.000552494;2.07805e-05;0.00177205;0.000941696;0.00109623;0.000449262;0.000501454;0.000664688;0.000299893;0.000178454;0.001216;0.00335931;0.00131872;0.000624978;0.000909415;0.00141718;0.00140679;0.000526473;0.00118966;0.00190771;0.000449985;0.000441547;3.84449e-05;0.000650935;0.000745538;0.000598548;0.000484615;5.09594e-06;0.00128124;0.0004978;0.00123587;0.00238747;0.000104437;0.000181913;0.00068651;0.00249981;0.000982405;7.54136e-05;0.000579649;0.000942977;0.000998977;0.000831031;0.000420157;0.0011323;0.000324419;0.000894025;5.81141e-05;0.00105675;0.000418908;0.000788239;0.00119688;0.000128468;0.000942202;0.00185487;0.0110352;0.462628
67;2300;0.0043984;6.87195e-07;0.00069423;0.00109089;0.000472546;0.00149994;0.000609526;0.000139681;0.000953638;0.000860452;7.34571e-05;0.000834619;0.00148513;0.0200643;0.0550973;4.97616e-06;0.162107;0.000651297;0.0169359;0.000252379;0.000855687;0.000358345;0.000740136;0.000149762;0.00020042;0.173497;0.0062887;0.000341439;0.000844699;0.00189979;0.00103425;0.00193363;0.000240507;0.000882434;0.000954109;0.00114563;0.000845495;0.00029949;0.000892475;0.00051715;0.000328722;0.000818573;0.00183473;0.000262432;0.000961144;0.000376392;0.00183109;0.00123301;5.09127e-05;0.00114192;0.00085018;0.00029898;0.00166933;0.000223545;0.00328989;0.000786552;0.000830865;0.00492143;0.000697534;0.000541264;2.0806e-05;0.00178253;0.00094601;0.00110174;0.000425414;0.000490555;0.000656258;0.000281818;0.000177241;0.00123467;0.00340697;0.00133521;0.00061364;0.000910449;0.00141735;0.00143981;0.000497835;0.00120408;0.00192647;0.000455289;0.000410136;3.8825e-05;0.000641541;0.000709302;0.000589083;0.000469747;5.14657e-06;0.00128271;0.000480917;0.00125112;0.00239704;0.000104968;0.00018275;0.000685077;0.00250753;0.000986812;7.5754e-05;0.000571029;0.000943886;0.00100408;0.000835368;0.000398041;0.00113534;0.000303424;0.000883484;4.58177e-05;0.00106103;0.000415465;0.000781437;0.00121026;0.000129153;0.000945083;0.00188243;0.0111774;0.462438
67;2400;0.00447468;1.37439e-06;0.000693071;0.00109455;0.000472125;0.00150483;0.00061089;0.000140011;0.000954207;0.000860751;7.39939e-05;0.000834157;0.00149201;0.0200591;0.0550993;4.97707e-06;0.162101;0.000648188;0.0169373;0.000251036;0.000854166;0.000353893;0.000743255;0.00015035;0.000195346;0.173495;0.00631164;0.000333166;0.000844121;0.00189976;0.00103609;0.00194004;0.000241589;0.000882421;0.000950688;0.00114932;0.000844972;0.000291139;0.000891908;0.000518906;0.000320859;0.000817205;0.00184099;0.000254078;0.00095805;0.0003774;0.00183589;0.00123296;5.11119e-05;0.00114555;0.000849742;0.000290616;0.00167498;0.000223583;0.0032972;0.000784869;0.000833009;0.00494351;0.000695144;0.000537172;2.08173e-05;0.00178639;0.000947633;0.00110339;0.000416548;0.000486758;0.000653191;0.000275623;0.000176879;0.00124137;0.00342413;0.00134119;0.000609505;0.00091083;0.00141739;0.00145183;0.000487414;0.00120939;0.00193335;0.00045723;0.000398707;3.89634e-05;0.000638126;0.000695938;0.00058566;0.000464357;5.16467e-06;0.00128321;0.000474715;0.00125672;0.00240052;0.000105161;0.000183044;0.000684565;0.00251022;0.000988435;7.58721e-05;0.000568093;0.000944209;0.00100596;0.000836958;0.000389981;0.00113559;0.000295887;0.000878402;4.38646e-05;0.00106227;0.000414391;0.000778922;0.00121491;0.000129391;0.000946142;0.0018923;0.0112283;0.462371
67;2500;0.00462723;2.74878e-06;0.000690799;0.00110197;0.000471468;0.00151376;0.000613617;0.000140672;0.000955296;0.000861333;7.50556e-05;0.000833252;0.00150554;0.020049;0.0551033;4.97897e-06;0.16209;0.000642035;0.01694;0.000248739;0.000851078;0.000345191;0.000749357;0.000151497;0.000186181;0.173492;0.0063567;0.000316906;0.000842973;0.00189969;0.00103975;0.00195242;0.000243658;0.000882393;0.000943904;0.00115647;0.000843931;0.000274747;0.000890691;0.00052239;0.000305362;0.000814518;0.00185331;0.000237552;0.000951922;0.00037945;0.0018454;0.00123281;5.1506e-05;0.00115262;0.000848872;0.000274195;0.00168619;0.00022373;0.00331132;0.000781376;0.000837257;0.00498673;0.000690392;0.000529065;2.08419e-05;0.00179409;0.000950898;0.00110638;0.000398714;0.000479524;0.000647119;0.00026401;0.000176262;0.00125445;0.00345781;0.00135299;0.000601303;0.000911593;0.00141752;0.00147562;0.000466796;0.00121998;0.00194705;0.000461089;0.000376095;3.92372e-05;0.000631375;0.000669205;0.00057892;0.000453748;5.19998e-06;0.00128413;0.000462349;0.00126788;0.00240738;0.000105544;0.000183606;0.000683577;0.00251533;0.000991681;7.60978e-05;0.000562587;0.000944836;0.00100971;0.000840119;0.000374008;0.00113549;0.000281141;0.000867183;4.21056e-05;0.00106446;0.000412499;0.000773889;0.00122375;0.000129847;0.000948256;0.0019116;0.0113277;0.462239
67;2600;0.00488727;1.09951e-06;0.00068706;0.0011144;0.000470842;0.00152644;0.000618252;0.000141794;0.000957;0.000862281;7.68426e-05;0.000831758;0.00152791;0.0200322;0.05511;4.98324e-06;0.162072;0.000631725;0.0169447;0.000245855;0.000845698;0.000330944;0.000759352;0.000153367;0.00017356;0.173487;0.00643114;0.000290042;0.000841001;0.00189958;0.00104587;0.00197236;0.000246907;0.000882347;0.000932524;0.00116788;0.000842174;0.000247923;0.00088827;0.000528245;0.00027976;0.00081008;0.00187377;0.000209955;0.000941646;0.000383034;0.00186135;0.00123221;5.21638e-05;0.00116387;0.000847406;0.000247308;0.00170499;0.000224148;0.00333401;0.000775035;0.000844376;0.00505766;0.000682373;0.000515469;2.08869e-05;0.00180715;0.000956424;0.00111116;0.000368048;0.000468298;0.000636948;0.00024664;0.000175441;0.00127577;0.00351342;0.00137263;0.000587525;0.000912897;0.00141809;0.00151542;0.000432332;0.00123802;0.0019702;0.000467571;0.00033829;3.96939e-05;0.000620094;0.000623611;0.000567746;0.00043625;5.25762e-06;0.00128536;0.00044139;0.00128678;0.00241873;0.000106178;0.000184496;0.000682074;0.00252331;0.000997202;7.6455e-05;0.000554257;0.00094584;0.00101608;0.000845444;0.00034722;0.00113516;0.000257023;0.000846658;4.14579e-05;0.00106789;0.000409934;0.000765326;0.00123748;0.000130573;0.000951844;0.00194321;0.0114902;0.462024
67;2700;0.00500711;2.19902e-06;0.000685391;0.00111993;0.000470734;0.00153124;0.000620378;0.000142307;0.000957712;0.000862697;7.76735e-05;0.00083109;0.00153794;0.0200248;0.0551131;4.98373e-06;0.162063;0.000627045;0.0169468;0.000244915;0.000843178;0.000324615;0.000763789;0.000154195;0.000168965;0.173485;0.00646449;0.000278021;0.000840065;0.00189953;0.00104864;0.00198109;0.000248288;0.000882326;0.000927357;0.00117273;0.000841371;0.000236129;0.000886959;0.000530908;0.000268365;0.000808093;0.00188297;0.00019749;0.000936976;0.000384719;0.0018686;0.00123234;5.24623e-05;0.00116866;0.000846738;0.00023548;0.00171352;0.000224398;0.00334394;0.000771956;0.000847609;0.00508926;0.000678711;0.000509291;2.09076e-05;0.00181312;0.000958914;0.00111332;0.000353835;0.000463573;0.000632332;0.000239666;0.000175123;0.00128518;0.00353833;0.00138148;0.000581253;0.0009135;0.00141795;0.00153346;0.000416735;0.00124632;0.00198077;0.000470523;0.000321175;3.98998e-05;0.000614986;0.000602583;0.000562725;0.00042846;5.28314e-06;0.00128574;0.000431782;0.00129545;0.00242382;0.00010646;0.000184879;0.000681495;0.0025267;0.000999742;7.66096e-05;0.000550831;0.000946273;0.00101901;0.000847869;0.000335052;0.00113522;0.000246354;0.000836922;4.14017e-05;0.00106944;0.000408983;0.000761394;0.00124327;0.00013089;0.000953492;0.00195726;0.0115624;0.461928
67;2800;0.00524681;4.39805e-06;0.000682146;0.00113059;0.000470802;0.00153911;0.000624602;0.000143327;0.000958969;0.000863477;7.93512e-05;0.000829791;0.00155752;0.0200102;0.055119;4.98854e-06;0.162047;0.00061781;0.0169509;0.000243616;0.000838087;0.000312371;0.00077238;0.000155794;0.000161824;0.173481;0.00652949;0.000254664;0.000838095;0.00189943;0.00105409;0.00199789;0.00025083;0.000882285;0.000917168;0.00118145;0.000839777;0.000213867;0.000883837;0.000536173;0.000246488;0.000804224;0.00190093;0.000173079;0.000927742;0.000388139;0.00188291;0.00123212;5.3049e-05;0.00117728;0.000845415;0.000213137;0.00173037;0.000224981;0.0033629;0.000765556;0.000853995;0.00515054;0.000671453;0.000497092;2.0946e-05;0.00182498;0.000963701;0.00111765;0.000325368;0.000454886;0.000623223;0.00022758;0.000174519;0.0013032;0.0035869;0.00139885;0.000568848;0.000914708;0.00141814;0.00156896;0.000386085;0.00126291;0.00200171;0.000476339;0.000287513;4.03028e-05;0.000604934;0.000560499;0.000552917;0.000413443;5.33246e-06;0.00128602;0.000412666;0.00131268;0.00243372;0.000107001;0.000185609;0.000680643;0.00253301;0.00100481;7.69027e-05;0.00054468;0.000947078;0.00102485;0.000852657;0.000311039;0.00113583;0.000225899;0.000817048;4.13768e-05;0.00107253;0.000407436;0.000753575;0.00125391;0.000131499;0.000956778;0.00198446;0.0117019;0.461745
67;2900;0.005355;8.79609e-07;0.000680721;0.0011352;0.000470943;0.00154199;0.000626495;0.000143783;0.000959451;0.000863798;8.01218e-05;0.00082922;0.00156616;0.0200038;0.0551215;4.98746e-06;0.16204;0.000613694;0.0169528;0.000243252;0.000835772;0.000307017;0.000776137;0.000156493;0.000159394;0.173479;0.00655812;0.000244432;0.000837149;0.00189939;0.0010565;0.00200521;0.000251876;0.000882266;0.000912632;0.00118489;0.000839064;0.000204503;0.000882158;0.000538523;0.000237078;0.000802523;0.00190885;0.000162308;0.000923608;0.0003897;0.0018893;0.00123199;5.33098e-05;0.00118067;0.000844824;0.000203731;0.00173788;0.000225274;0.00337109;0.000762584;0.000856842;0.0051774;0.000668205;0.000491652;2.09612e-05;0.00183029;0.000965749;0.00111959;0.000312549;0.000451262;0.000619164;0.000222897;0.000174235;0.00131101;0.0036083;0.00140654;0.000563307;0.000915254;0.00141826;0.00158474;0.000372491;0.00127039;0.00201108;0.000478917;0.000272567;4.04796e-05;0.000600467;0.000541495;0.000548591;0.000406928;5.35403e-06;0.00128591;0.000404083;0.00132042;0.00243807;0.000107234;0.000185926;0.000680427;0.00253567;0.00100709;7.70287e-05;0.000542186;0.000947411;0.00102747;0.000854791;0.000300337;0.00113632;0.000217076;0.000807894;4.13814e-05;0.00107392;0.000406872;0.000750067;0.00125831;0.000131763;0.000958257;0.00199635;0.0117628;0.461665
67;3000;0.00552476;1.75922e-06;0.000678531;0.00114221;0.000471286;0.0015458;0.000629445;0.000144495;0.000960074;0.000864249;8.13541e-05;0.000828344;0.00157948;0.019994;0.0551255;4.98927e-06;0.162029;0.000607297;0.0169557;0.000242915;0.000832127;0.000298821;0.000781891;0.000157564;0.000156411;0.173476;0.00660219;0.000228785;0.000835573;0.00189932;0.00106022;0.0020164;0.000253382;0.000882237;0.000905591;0.00118953;0.000837951;0.000190828;0.000879103;0.000542178;0.000222993;0.000799908;0.00192102;0.00014576;0.000917147;0.000392161;0.00189924;0.00123179;5.37146e-05;0.00118525;0.000843903;0.000189983;0.00174954;0.000225766;0.00338352;0.000757853;0.000861269;0.00521861;0.000663145;0.000483195;2.0981e-05;0.00183856;0.00096878;0.00112265;0.000292559;0.000445891;0.000612856;0.000216427;0.000173742;0.00132284;0.00364129;0.00141843;0.000554684;0.000916111;0.00141843;0.00160919;0.000351465;0.00128212;0.00202569;0.0004829;0.000249424;4.07493e-05;0.000593541;0.00051167;0.000541925;0.000397053;5.3871e-06;0.00128536;0.00039067;0.00133251;0.00244475;0.000107582;0.000186411;0.000680347;0.00253962;0.00101067;7.72197e-05;0.000538592;0.000947891;0.00103159;0.000858103;0.000283713;0.00113734;0.000203782;0.000793278;4.13998e-05;0.0010761;0.000406136;0.000744595;0.00126471;0.000132168;0.000960574;0.00201457;0.0118561;0.461543
67;3100;0.00568063;7.03687e-07;0.000676568;0.00114837;0.00047172;0.00154866;0.00063213;0.000145142;0.000960484;0.000864589;8.25125e-05;0.000827559;0.00159148;0.0199852;0.0551289;4.99104e-06;0.162019;0.00060149;0.0169583;0.000242823;0.000828771;0.000291504;0.000787034;0.000158524;0.000154419;0.173473;0.00664179;0.00021488;0.000834009;0.00189925;0.00106356;0.00202641;0.000254607;0.00088221;0.00089921;0.00119286;0.000836935;0.000179517;0.000875766;0.0005455;0.000210891;0.000797565;0.00193191;0.000130998;0.000911215;0.000394424;0.00190827;0.00123158;5.40818e-05;0.00118853;0.000843065;0.000178599;0.00176012;0.000226246;0.00339448;0.000753471;0.000865288;0.00525546;0.000658537;0.000475514;2.0994e-05;0.00184608;0.000971331;0.00112544;0.000274432;0.00044125;0.000607129;0.000211333;0.000173206;0.00133329;0.00367097;0.00142915;0.000546843;0.000916897;0.00141863;0.00163131;0.000332498;0.00129288;0.00203899;0.000486482;0.000228508;4.09868e-05;0.000587273;0.000484293;0.000535937;0.00038838;5.41671e-06;0.00128442;0.000378418;0.00134356;0.00245071;0.000107882;0.000186846;0.000680596;0.00254304;0.00101394;7.73884e-05;0.000535608;0.00094828;0.00103535;0.000861106;0.000268628;0.00113856;0.000192205;0.000779558;4.14268e-05;0.00107809;0.000405607;0.000739606;0.00127005;0.000132529;0.000962697;0.00203082;0.0119393;0.461434
67;3200;0.00579604;1.40737e-06;0.000675143;0.00115277;0.000472109;0.00155046;0.000634103;0.000145617;0.00096067;0.000864784;8.33883e-05;0.000826991;0.00160022;0.0199787;0.0551313;4.99213e-06;0.162012;0.00059723;0.0169602;0.000242872;0.000826284;0.000286209;0.000790761;0.000159222;0.000153322;0.173471;0.0066706;0.000204889;0.000832765;0.0018992;0.00106598;0.00203366;0.000255409;0.00088219;0.000894535;0.00119468;0.000836188;0.000172006;0.000872914;0.000547938;0.000202508;0.000795864;0.00193978;0.000120386;0.000906801;0.000396091;0.00191489;0.00123147;5.43512e-05;0.00119032;0.000842449;0.00017103;0.00176787;0.000226617;0.00340232;0.000750222;0.000868237;0.00528218;0.000655148;0.000469878;2.09997e-05;0.00185161;0.000973051;0.00112751;0.000261218;0.000437965;0.000602929;0.000208017;0.000172735;0.00134078;0.00369259;0.00143699;0.000541083;0.000917479;0.00141873;0.00164749;0.000318671;0.00130084;0.00204876;0.000489084;0.000213231;4.11548e-05;0.000582687;0.000464032;0.000531586;0.000382213;5.43821e-06;0.00128344;0.000369386;0.0013517;0.00245502;0.000108091;0.000187163;0.000681005;0.00254545;0.00101637;7.75095e-05;0.000533577;0.000948531;0.00103813;0.000863306;0.000257568;0.00113964;0.000184051;0.000769193;4.14526e-05;0.00107956;0.000405299;0.000735935;0.00127366;0.00013279;0.000964267;0.00204257;0.0119995;0.461356
67;3300;0.00602685;2.81475e-06;0.000672361;0.00116114;0.000473053;0.00155341;0.000638006;0.000146557;0.000960709;0.000864991;8.51673e-05;0.000825886;0.00161739;0.0199662;0.0551359;3.8224e-06;0.161997;0.000588815;0.016964;0.000243214;0.00082131;0.000275911;0.000798042;0.000160589;0.000151872;0.173467;0.00672696;0.000185741;0.000830022;0.00189911;0.00107069;0.00204786;0.000256724;0.000882151;0.00088531;0.00119655;0.000834702;0.000159357;0.000866107;0.00055276;0.000187368;0.00079255;0.00195498;0.000100174;0.000897824;0.000399374;0.00192801;0.00123097;5.48837e-05;0.00119213;0.000841228;0.000158266;0.0017832;0.000227393;0.00341735;0.000743767;0.000874063;0.00533422;0.000648426;0.000458738;2.09997e-05;0.00186254;0.000976002;0.00113162;0.000235543;0.000431699;0.000594631;0.000202331;0.000171538;0.00135516;0.00373501;0.00145238;0.000529685;0.000918642;0.00142038;0.0016793;0.000291604;0.00131673;0.00206814;0.000494145;0.000183221;4.14639e-05;0.000573657;0.000423556;0.00052309;0.000370556;5.48029e-06;0.00128074;0.000351421;0.0013679;0.00246331;0.000108472;0.000187783;0.000682424;0.00255002;0.0010212;7.77432e-05;0.000529923;0.000948918;0.00104368;0.000867647;0.000235725;0.00114223;0.000168887;0.00074788;4.15179e-05;0.00108249;0.000404881;0.000728658;0.00127999;0.000133299;0.000967404;0.00206538;0.0121163;0.461204
67;3400;0.00619911;1.1259e-06;0.000670342;0.00116701;0.000473896;0.00155519;0.000640879;0.00014725;0.000960426;0.000864953;8.65188e-05;0.000825087;0.00162994;0.019957;0.055139;4.99662e-06;0.161987;0.000582629;0.0169668;0.000243656;0.000817599;0.000268468;0.000803323;0.00016159;0.000151277;0.173464;0.00676801;0.000172233;0.000827716;0.00189904;0.00107407;0.00205819;0.00025744;0.000882123;0.000878534;0.00119635;0.000833599;0.000152043;0.000859977;0.000556311;0.000177586;0.000790152;0.00196571;8.62575e-05;0.000890872;0.000401737;0.00193767;0.00123088;5.52761e-05;0.00119188;0.000840324;0.000150868;0.00179448;0.000227996;0.003428;0.000739028;0.000878346;0.0053719;0.000643453;0.000450539;2.0989e-05;0.0018706;0.000977733;0.00113468;0.000217267;0.000427232;0.000588532;0.000198715;0.00017036;0.00136541;0.00376601;0.00146365;0.000521287;0.000919508;0.00141928;0.00170255;0.000271967;0.00132856;0.00208244;0.000497777;0.000161328;4.16597e-05;0.000567044;0.000393404;0.000516935;0.000362473;5.51098e-06;0.00127817;0.000338103;0.00137991;0.0024692;0.000108724;0.00018823;0.000683994;0.00255323;0.0010248;7.79106e-05;0.000527514;0.000949083;0.00104781;0.000870836;0.000219671;0.00114454;0.000158642;0.000731407;4.15781e-05;0.00108466;0.000404733;0.000723288;0.00128393;0.000133667;0.000969733;0.00208183;0.0122005;0.461095
67;3500;0.00638263;2.2518e-06;0.000668242;0.00117293;0.000474928;0.0015568;0.000643899;0.000147977;0.000959829;0.000864703;8.79343e-05;0.00082426;0.00164307;0.0199475;0.0551421;4.99794e-06;0.161975;0.000576132;0.0169697;0.000244274;0.000813648;0.000260754;0.000808852;0.00016264;0.000150965;0.17346;0.00681082;0.000158638;0.000824975;0.00189896;0.00107752;0.00206899;0.000257953;0.000882092;0.000871416;0.00119473;0.00083243;0.000146134;0.00085243;0.000560046;0.000168616;0.000787665;0.00197636;7.29751e-05;0.000883036;0.000404129;0.00194785;0.0012308;5.56901e-05;0.00119021;0.000839368;0.000144879;0.00180636;0.000228657;0.0034388;0.000734091;0.000882846;0.00541101;0.000638192;0.000441917;2.09674e-05;0.00187908;0.000979112;0.00113791;0.000198896;0.000422618;0.00058213;0.000195247;0.000168766;0.00137587;0.00379846;0.00147546;0.000512446;0.000920427;0.00141934;0.0017268;0.000251665;0.00134113;0.00209748;0.000501519;0.00013853;4.18192e-05;0.000560122;0.000361351;0.000510557;0.000354465;5.54307e-06;0.00127506;0.000323999;0.00139264;0.00247513;0.00010896;0.000188684;0.000686071;0.00255648;0.00102863;7.80831e-05;0.000525209;0.000949105;0.0010522;0.000874185;0.000202811;0.00114736;0.000148805;0.000713274;4.1652e-05;0.00108695;0.000404718;0.000717633;0.00128739;0.000134049;0.00097221;0.00209881;0.0122876;0.460982
67;3600;0.00655782;9.0072e-07;0.000666284;0.00117826;0.00047604;0.00155813;0.000646738;0.000148662;0.000959003;0.000864251;8.92188e-05;0.000823491;0.00165539;0.0199385;0.0551447;4.99957e-06;0.161964;0.000570027;0.0169725;0.000244979;0.000809877;0.00025359;0.00081405;0.000163631;0.000150885;0.173457;0.00685083;0.000146471;0.00082205;0.00189889;0.00108067;0.00207912;0.000258217;0.000882063;0.000864719;0.00119201;0.000831316;0.000142064;0.000844281;0.000563562;0.000161393;0.000785358;0.00198552;6.23037e-05;0.000874916;0.000406255;0.00195746;0.00123061;5.60799e-05;0.00118744;0.000838459;0.000140743;0.00181756;0.000229302;0.00344858;0.000729515;0.000887075;0.0054474;0.000633195;0.000433798;2.09375e-05;0.00188708;0.00097999;0.00114097;0.000182661;0.000418319;0.000576116;0.000192142;0.000166865;0.00138545;0.00382893;0.00148657;0.000504111;0.000921302;0.00141951;0.00174936;0.000233017;0.00135308;0.00211163;0.00050493;0.000117365;4.18943e-05;0.000553636;0.000330832;0.000504646;0.000347419;5.57319e-06;0.00127195;0.000310619;0.00140472;0.00248043;0.000109153;0.000189089;0.000688332;0.00255946;0.00103229;7.82424e-05;0.000523231;0.000948928;0.00105638;0.000877329;0.000186969;0.00115035;0.000140496;0.000695371;4.17306e-05;0.00108912;0.000404829;0.000712308;0.00129003;0.000134403;0.000974565;0.00211451;0.0123684;0.460878
67;3700;0.00669473;1.80144e-06;0.000664785;0.0011822;0.000476995;0.00155907;0.000648924;0.000149191;0.000958214;0.000863755;9.01472e-05;0.000822904;0.00166488;0.0199316;0.0551467;5.00081e-06;0.161956;0.000565326;0.0169746;0.000245598;0.000806927;0.000248126;0.000818067;0.000164398;0.000150926;0.173455;0.00688155;0.000137543;0.000819534;0.00189884;0.00108301;0.00208692;0.000258286;0.000882041;0.000859552;0.00118924;0.000830447;0.000139756;0.000837319;0.000566275;0.000156591;0.000783601;0.00199182;5.56761e-05;0.000867988;0.000407789;0.00196488;0.00123047;5.63807e-05;0.00118462;0.00083775;0.00013839;0.00182624;0.000229814;0.00345588;0.000726046;0.000890331;0.00547522;0.000629303;0.000427531;2.09088e-05;0.00189326;0.000980402;0.00114335;0.000171013;0.000415012;0.000571488;0.000189763;0.000165098;0.00139264;0.00385243;0.00149515;0.000497669;0.000921984;0.00141963;0.00176649;0.000219087;0.0013624;0.00212251;0.000507464;0.000101338;4.18678e-05;0.000548654;0.000307038;0.000500151;0.000342328;5.5964e-06;0.00126954;0.00030022;0.00141411;0.00248429;0.000109282;0.000189379;0.000690207;0.0025617;0.00103515;7.83634e-05;0.00052182;0.000948608;0.00105965;0.000879736;0.00017478;0.00115288;0.000134753;0.000680965;4.17965e-05;0.00109081;0.000404993;0.000708203;0.00129166;0.000134673;0.000976396;0.00212643;0.0124299;0.460799
67;3800;0.00689865;7.20576e-07;0.000662599;0.00118775;0.000478541;0.00156034;0.000652123;0.000149965;0.000956871;0.000862817;9.13597e-05;0.000822047;0.0016788;0.0199215;0.0551494;5.00283e-06;0.161943;0.000558444;0.0169778;0.000246614;0.000802525;0.000240202;0.000823998;0.000165533;0.000151094;0.173452;0.00692642;0.000125228;0.000815382;0.00189875;0.00108629;0.00209836;0.000258205;0.000882008;0.000851967;0.00118433;0.000829151;0.00013738;0.000826099;0.000570256;0.000150641;0.000781056;0.00199967;4.88298e-05;0.00085661;0.000409852;0.00197581;0.00123021;5.68205e-05;0.00117964;0.000836696;0.000135961;0.00183903;0.000230586;0.00346618;0.000721072;0.000895098;0.00551569;0.000623515;0.000418328;2.08595e-05;0.00190236;0.000980637;0.00114686;0.000155548;0.000410145;0.000564719;0.000186178;0.000162011;0.00140287;0.00388693;0.00150777;0.000488186;0.000922995;0.00141988;0.00179085;0.000199827;0.00137621;0.00213827;0.00051094;7.8637e-05;4.15831e-05;0.000541376;0.000271692;0.00049366;0.000335421;5.63047e-06;0.00126616;0.000284827;0.00142803;0.00248955;0.000109434;0.000189755;0.000693049;0.00256491;0.00103941;7.85379e-05;0.000519911;0.00094772;0.00106451;0.000883194;0.000156997;0.00115688;0.000127396;0.000658851;4.18992e-05;0.00109329;0.000405343;0.00070219;0.0012935;0.000135064;0.000979106;0.00214364;0.0125189;0.460684
67;3900;0.00698728;1.44115e-06;0.000661666;0.00119005;0.00047925;0.00156085;0.000653489;0.000150296;0.000956248;0.000862351;9.18085e-05;0.000821681;0.00168477;0.0199172;0.0551505;5.00345e-06;0.161938;0.000555499;0.0169792;0.00024709;0.000800606;0.00023684;0.00082656;0.000166024;0.000151194;0.17345;0.00694559;0.00012026;0.000813417;0.00189872;0.00108763;0.00210328;0.00025811;0.000881994;0.000848713;0.00118198;0.000828586;0.00013665;0.000820942;0.000571962;0.000148454;0.000779977;0.00200255;4.69052e-05;0.000851303;0.000410666;0.00198051;0.00123016;5.70077e-05;0.00117724;0.000836237;0.000135211;0.00184454;0.000230924;0.00347044;0.000718988;0.000897136;0.00553293;0.000621;0.000414377;2.08365e-05;0.00190627;0.000980622;0.00114838;0.000149577;0.000408045;0.000561825;0.00018458;0.000160515;0.00140713;0.00390175;0.0015132;0.000484103;0.000923432;0.00141991;0.00180083;0.000192254;0.00138219;0.0021449;0.000512285;6.94067e-05;4.13078e-05;0.000538266;0.000256365;0.000490918;0.000332671;5.6451e-06;0.00126482;0.000278172;0.00143405;0.00249162;0.000109483;0.000189894;0.000694271;0.00256626;0.00104126;7.86117e-05;0.000519146;0.000947123;0.00106662;0.000884618;0.000149444;0.00115869;0.000124633;0.000649003;4.19445e-05;0.00109436;0.000405529;0.000699619;0.00129411;0.00013523;0.000980275;0.00215092;0.0125567;0.460636
67;4000;0.00716454;2.8823e-06;0.000659831;0.00119443;0.000480711;0.00156182;0.000656174;0.000150948;0.000954976;0.000861359;9.25229e-05;0.000820957;0.00169658;0.0199087;0.0551527;5.00493e-06;0.161927;0.000549699;0.0169819;0.000248092;0.000796754;0.000230264;0.000831684;0.000167004;0.000151418;0.173447;0.00698333;0.000111049;0.000809188;0.00189865;0.00109013;0.00211299;0.000257829;0.000881966;0.000842282;0.00117699;0.000827454;0.000135577;0.000810193;0.00057533;0.000144697;0.00077787;0.00200761;4.44875e-05;0.000840232;0.000412162;0.00198981;0.00123002;5.73717e-05;0.00117216;0.000835317;0.000134105;0.00185548;0.000231603;0.00347861;0.000714968;0.000901148;0.0055668;0.00061596;0.000406566;2.07889e-05;0.00191401;0.000980434;0.00115138;0.000139003;0.000403858;0.00055613;0.000181301;0.000157313;0.0014153;0.0039311;0.00152397;0.000475998;0.000924304;0.00142004;0.00181899;0.000179355;0.00139411;0.00215751;0.00051447;5.27895e-05;4.02903e-05;0.000532146;0.000225777;0.00048558;0.000327618;5.67407e-06;0.00126238;0.000264931;0.00144604;0.00249535;0.000109553;0.000190119;0.000696653;0.00256889;0.00104497;7.87555e-05;0.000517722;0.000945404;0.00107085;0.000887211;0.000134784;0.00116239;0.000119842;0.000628923;4.20343e-05;0.00109649;0.000405947;0.00069456;0.00129506;0.000135553;0.000982595;0.0021651;0.0126306;0.460541
67;4100;0.00727004;5.76461e-07;0.000658758;0.00119693;0.000481594;0.00156237;0.000657738;0.000151329;0.000954226;0.000860758;9.27902e-05;0.000820531;0.00170353;0.0199037;0.0551539;5.00578e-06;0.16192;0.000546307;0.0169834;0.000248719;0.000794448;0.000226447;0.000834756;0.000167589;0.000151555;0.173446;0.00700537;0.000106042;0.000806477;0.0018986;0.0010915;0.0021187;0.000257607;0.00088195;0.000838506;0.00117387;0.000826777;0.000135123;0.000803551;0.000577304;0.000142807;0.000776649;0.0020103;4.36913e-05;0.000833467;0.00041298;0.00199529;0.00122992;5.75786e-05;0.001169;0.000834767;0.000133636;0.00186194;0.000232007;0.00348325;0.000712678;0.000903489;0.00558658;0.00061295;0.000401977;2.07604e-05;0.00191855;0.000980249;0.00115316;0.000133555;0.000401368;0.000552805;0.000179304;0.000155326;0.00141994;0.00394839;0.00153032;0.000471205;0.000924821;0.00142013;0.00182814;0.00017371;0.00140118;0.0021644;0.000515267;4.4622e-05;3.92794e-05;0.000528569;0.000207615;0.000482501;0.000324888;5.69117e-06;0.0012611;0.000257094;0.00145315;0.00249726;0.000109574;0.000190218;0.000698024;0.0025704;0.00104719;7.88385e-05;0.000516936;0.000943962;0.00107336;0.000888504;0.000126449;0.00116462;0.000117422;0.000616756;4.2086e-05;0.00109774;0.000406219;0.000691608;0.00129549;0.000135739;0.000983963;0.00217331;0.0126736;0.460485
67;4200;0.00737265;1.15292e-06;0.000657727;0.00119927;0.000482457;0.00156289;0.000659232;0.000151693;0.000953516;0.000860188;9.28971e-05;0.000820118;0.00171022;0.0198989;0.0551551;5.00649e-06;0.161913;0.000543057;0.016985;0.000249351;0.000792191;0.000222805;0.000837773;0.000168162;0.000151684;0.173444;0.00702648;0.000101522;0.0008037;0.00189856;0.00109274;0.0021242;0.000257352;0.000881934;0.000834873;0.00117077;0.000826115;0.00013478;0.000796935;0.000579198;0.000141183;0.000775485;0.00201277;4.32082e-05;0.000826835;0.000413737;0.00200056;0.00122986;5.77697e-05;0.00116584;0.000834229;0.000133279;0.00186819;0.000232399;0.00348761;0.000710529;0.00090573;0.00560555;0.000610007;0.00039756;2.07329e-05;0.00192291;0.000980036;0.00115487;0.000128824;0.000398942;0.000549623;0.000177347;0.000153378;0.00142427;0.00396509;0.00153648;0.000466555;0.000925322;0.00142018;0.00183543;0.000170138;0.00140802;0.00217043;0.000515516;3.83576e-05;3.80157e-05;0.00052514;0.000189984;0.000479583;0.000322424;5.70775e-06;0.00125998;0.000249502;0.00146004;0.00249887;0.000109579;0.000190286;0.000699327;0.00257183;0.00104935;7.89173e-05;0.000516213;0.00094222;0.00107581;0.000889516;0.000118708;0.00116679;0.000115351;0.000604787;4.21342e-05;0.00109894;0.000406497;0.000688786;0.00129584;0.000135916;0.00098528;0.00218114;0.0127147;0.460433
67;4300;0.00757787;2.30584e-06;0.000655702;0.00120376;0.000484189;0.00156388;0.000662125;0.000152397;0.000952198;0.000859146;9.26467e-05;0.000819292;0.00172345;0.0198894;0.0551573;5.00776e-06;0.1619;0.000536706;0.016988;0.000250674;0.000787624;0.00021574;0.000843832;0.000169324;0.000151905;0.173441;0.00706777;9.35272e-05;0.000797729;0.00189848;0.00109496;0.00213505;0.000256717;0.000881903;0.000827729;0.00116437;0.000824778;0.000134299;0.000783297;0.00058291;0.000138479;0.000773229;0.00201741;4.27404e-05;0.000813575;0.000415164;0.00201093;0.00122979;5.81051e-05;0.00115933;0.000833142;0.000132775;0.00188061;0.000233174;0.00349592;0.00070648;0.000910085;0.00564273;0.000604064;0.000388864;2.06798e-05;0.00193147;0.000979567;0.00115827;0.000120865;0.000394056;0.00054342;0.000173453;0.000149582;0.00143242;0.00399814;0.0015487;0.000457253;0.00092632;0.00142023;0.001845;0.000168758;0.0014216;0.00217964;0.000514393;3.10396e-05;3.54687e-05;0.000518429;0.000154849;0.000473984;0.000318031;5.74085e-06;0.00125809;0.000234414;0.00147375;0.00250127;0.000109548;0.000190334;0.000701869;0.00257459;0.00105369;7.90687e-05;0.000514882;0.000937877;0.00108072;0.000890801;0.000104342;0.00117109;0.000111938;0.000580539;4.22216e-05;0.00110133;0.000407079;0.000683295;0.00129641;0.000136255;0.000987871;0.00219633;0.0127947;0.460329
67;4400;0.00772544;9.22337e-07;0.000654275;0.00120684;0.000485415;0.00156456;0.000664114;0.000152882;0.000951367;0.000858512;9.2335e-05;0.000818696;0.00173282;0.0198827;0.0551589;5.00853e-06;0.16189;0.000532242;0.0169902;0.000251673;0.000784294;0.00021085;0.000848051;0.00017016;0.000152032;0.173438;0.00709684;8.86566e-05;0.000793095;0.00189842;0.00109633;0.00214273;0.000256162;0.000881881;0.000822696;0.00115966;0.000823805;0.000134066;0.000773212;0.000585523;0.000136909;0.000771665;0.00202061;4.26215e-05;0.000804133;0.000416136;0.00201823;0.00122978;5.82897e-05;0.00115453;0.00083235;0.000132529;0.00188946;0.000233721;0.00350158;0.000703746;0.000913114;0.00566886;0.00059974;0.000382702;2.0644e-05;0.0019375;0.000979221;0.00116068;0.000116227;0.000390513;0.000539071;0.000170725;0.000147038;0.00143785;0.0040216;0.0015574;0.000450523;0.000927034;0.00142023;0.00184888;0.000171054;0.00143126;0.00218362;0.000513;2.88741e-05;3.4357e-05;0.000513702;0.000129746;0.000470135;0.000315286;5.76425e-06;0.00125701;0.000223645;0.00148356;0.00250239;0.000109503;0.000190288;0.000703648;0.00257648;0.00105683;7.91721e-05;0.000514015;0.000934379;0.00108426;0.000891321;9.46767e-05;0.00117412;0.000109995;0.000562922;4.22745e-05;0.00110302;0.00040749;0.000679461;0.00129675;0.000136486;0.000989697;0.0022069;0.0128507;0.460257
67;4500;0.00788224;1.84467e-06;0.000652786;0.00121;0.000486635;0.00156525;0.000666136;0.000153378;0.000950615;0.000857953;9.2222e-05;0.000818059;0.00174267;0.0198756;0.0551605;5.00905e-06;0.161879;0.000527553;0.0169925;0.000252777;0.000780726;0.00020584;0.000852338;0.000171017;0.000152151;0.173436;0.00712725;8.42902e-05;0.000787859;0.00189836;0.00109756;0.00215076;0.0002555;0.000881859;0.000817444;0.00115459;0.000822763;0.000133876;0.000762306;0.000588267;0.000135516;0.000770055;0.00202393;4.25886e-05;0.000794233;0.000417123;0.00202584;0.00122985;5.84083e-05;0.00114937;0.000831502;0.000132329;0.00189878;0.00023429;0.0035073;0.000700957;0.000916254;0.00569609;0.000595113;0.000376203;2.06086e-05;0.00194383;0.000978862;0.00116321;0.000112142;0.00038673;0.000534511;0.000167925;0.000144582;0.00144323;0.00404619;0.00156653;0.000443324;0.000927789;0.00142015;0.00185173;0.000174756;0.00144138;0.002186;0.000511835;2.78878e-05;3.38007e-05;0.000508735;0.000103375;0.000466168;0.000312723;5.78797e-06;0.00125611;0.000212283;0.00149393;0.00250318;0.000109452;0.000190134;0.000705463;0.00257839;0.00106017;7.92771e-05;0.00051317;0.000930633;0.00108803;0.00089172;8.46999e-05;0.00117726;0.000108302;0.000544115;4.23198e-05;0.0011048;0.000407866;0.000675473;0.00129706;0.00013672;0.000991614;0.00221785;0.0129086;0.460183
67;4600;0.00806523;7.3787e-07;0.000651082;0.00121357;0.000487874;0.00156603;0.000668385;0.000153938;0.000949917;0.000857441;9.2491e-05;0.000817317;0.00175401;0.0198675;0.0551623;5.00956e-06;0.161866;0.000522124;0.0169952;0.000254112;0.000776538;0.000200265;0.00085714;0.000171911;0.000152286;0.173433;0.00716213;8.01959e-05;0.000781348;0.00189829;0.00109869;0.00216001;0.000254684;0.000881833;0.000811431;0.00114863;0.000821541;0.000133697;0.000749404;0.000591445;0.000134182;0.000768239;0.00202779;4.26108e-05;0.000782872;0.000418213;0.00203453;0.00122994;5.8356e-05;0.0011433;0.000830507;0.00013214;0.00190953;0.000234942;0.00351363;0.00069781;0.000919837;0.00572717;0.000589691;0.000368658;2.05713e-05;0.00195117;0.000978476;0.00116613;0.000108291;0.000382305;0.000529236;0.000164778;0.00014208;0.00144906;0.00407443;0.00157702;0.000434891;0.000928666;0.00142004;0.00185437;0.000179567;0.00145284;0.0021874;0.000511063;2.74144e-05;3.3551e-05;0.000502995;7.3541e-05;0.000461662;0.000310154;5.81261e-06;0.00125537;0.000199141;0.00150596;0.00250384;0.00010941;0.000189671;0.00070744;0.00258044;0.00106409;7.93938e-05;0.000512265;0.000926398;0.00109243;0.000892118;7.32284e-05;0.00118084;0.000106695;0.00052214;4.23565e-05;0.00110684;0.000408104;0.000670946;0.00129737;0.000136984;0.000993831;0.00223029;0.0129744;0.460098
67;4700;0.00817075;1.47574e-06;0.000650114;0.00121557;0.000488485;0.00156647;0.000669633;0.000154254;0.000949602;0.000857209;9.28199e-05;0.000816891;0.00176047;0.0198629;0.0551634;5.00975e-06;0.161859;0.000519009;0.0169967;0.000254904;0.000774116;0.000197217;0.000859839;0.000172316;0.000152367;0.173431;0.00718205;7.8287e-05;0.000777399;0.00189824;0.00109921;0.00216528;0.00025422;0.000881818;0.000808016;0.00114519;0.000820834;0.000133607;0.000741904;0.000593272;0.000133533;0.000767223;0.00203001;4.26394e-05;0.00077642;0.00041881;0.00203946;0.00123003;5.81143e-05;0.00113979;0.000829931;0.000132046;0.00191567;0.000235314;0.00351711;0.000696041;0.000921871;0.00574477;0.000586561;0.000364324;2.05521e-05;0.00195539;0.000978282;0.00116779;0.000106443;0.000379753;0.000526212;0.000162964;0.000140821;0.00145224;0.00409048;0.00158299;0.000430027;0.00092917;0.00141995;0.00185576;0.000182365;0.00145909;0.00218779;0.000510813;2.72746e-05;3.34921e-05;0.000499714;5.74517e-05;0.000459116;0.000308866;5.82383e-06;0.00125506;0.000191632;0.00151286;0.00250416;0.000109409;0.000189071;0.000708504;0.00258149;0.00106635;7.94581e-05;0.000511777;0.000924051;0.00109498;0.00089234;6.66597e-05;0.00118285;0.000105901;0.000509491;4.23689e-05;0.001108;0.000408029;0.000668433;0.00129753;0.000137133;0.000995103;0.00223732;0.0130114;0.46005
67;4800;0.0083741;5.90296e-07;0.000648282;0.00121934;0.000489465;0.00156728;0.00067196;0.00015485;0.000949155;0.000856863;9.37852e-05;0.00081608;0.0017728;0.0198541;0.0551654;4.92619e-06;0.161845;0.000513024;0.0169996;0.000256465;0.000769449;0.00019192;0.00086495;0.000172463;0.000152543;0.173428;0.00722094;7.54115e-05;0.000769386;0.00189816;0.00109996;0.00217534;0.000253419;0.00088179;0.00080153;0.00113855;0.000819469;0.000133454;0.000727376;0.000596785;0.000132483;0.000765326;0.00203431;4.27119e-05;0.000764187;0.000419898;0.00204877;0.00123019;5.64399e-05;0.00113302;0.000828823;0.000131888;0.00192736;0.000236024;0.00352349;0.000692702;0.000925741;0.00577803;0.000580536;0.000355995;2.05215e-05;0.00196349;0.000977988;0.00117095;0.000103461;0.000374842;0.000520402;0.000158935;0.000138746;0.0014583;0.00412094;0.0015943;0.000420666;0.000930137;0.00141986;0.00185833;0.000187643;0.00146906;0.00218739;0.000510465;2.71094e-05;3.34451e-05;0.000493474;3.31361e-05;0.000454304;0.000306754;5.82886e-06;0.00125467;0.000177327;0.00152605;0.00250494;0.000109536;0.000185924;0.000710403;0.00258291;0.00107071;7.95726e-05;0.000510885;0.000919726;0.00109989;0.000892766;5.40532e-05;0.00118655;0.00010454;0.000485231;4.23716e-05;0.0011102;0.000406701;0.00066405;0.00129786;0.000137411;0.000997553;0.00225054;0.0130811;0.459959
67;4900;0.00843431;1.18059e-06;0.000647747;0.00122045;0.000489715;0.00156752;0.000672632;0.000155024;0.00094906;0.000856779;9.41746e-05;0.000815843;0.00177642;0.0198516;0.055166;5.01013e-06;0.16184;0.00051125;0.0170004;0.000256935;0.000768071;0.000190589;0.000866442;0.000172206;0.000152603;0.173427;0.00723276;7.47419e-05;0.00076691;0.00189814;0.00110012;0.00217829;0.000253221;0.000881782;0.000799631;0.00113659;0.000819065;0.000133414;0.000723066;0.000597826;0.000132217;0.000764779;0.0020356;4.27365e-05;0.000760614;0.000420206;0.00205149;0.00123025;5.55425e-05;0.00113102;0.000828495;0.000131846;0.00193078;0.000236233;0.0035253;0.000691723;0.000926877;0.00578771;0.000578758;0.000353531;2.05138e-05;0.00196588;0.000977924;0.00117187;0.000102681;0.000373393;0.00051868;0.000157393;0.000138208;0.00146018;0.00412983;0.0015976;0.000417897;0.000930422;0.0014197;0.00185908;0.000189166;0.00147105;0.00218675;0.000510336;2.70738e-05;3.34387e-05;0.000491656;2.90277e-05;0.000452897;0.000306217;5.82239e-06;0.0012546;0.000173141;0.00152992;0.00250528;0.000109585;0.000184262;0.000710927;0.00258305;0.00107201;7.96023e-05;0.00051063;0.000918495;0.00110134;0.00089289;5.03274e-05;0.00118759;0.000104161;0.000478089;4.23664e-05;0.00111084;0.000405709;0.000662972;0.00129796;0.000137491;0.000998279;0.00225438;0.0131013;0.459933
67;5000;0.00855473;2.36118e-06;0.000646688;0.00122263;0.000490177;0.00156799;0.000673958;0.000155367;0.00094891;0.000856626;9.51096e-05;0.000815374;0.0017836;0.0198466;0.0551672;5.01016e-06;0.161832;0.000507694;0.0170021;0.000257883;0.000765324;0.000188317;0.000869344;0.000171351;0.00015274;0.173425;0.00725617;7.36149e-05;0.000761837;0.00189809;0.00110037;0.00218417;0.000252878;0.000881766;0.000795859;0.00113269;0.00081826;0.000133334;0.000714447;0.000599912;0.000131735;0.000763703;0.00203818;4.27891e-05;0.000753533;0.000420806;0.00205688;0.0012304;5.39132e-05;0.00112704;0.000827843;0.000131764;0.00193758;0.000236648;0.00352881;0.000689771;0.000929142;0.00580687;0.000575217;0.000348598;2.04961e-05;0.00197065;0.000977824;0.0011737;0.000101183;0.000370505;0.000515225;0.000153738;0.000137188;0.00146415;0.00414743;0.00160412;0.000412362;0.000930992;0.00141955;0.00186059;0.000192152;0.00147372;0.00218459;0.000509956;2.701e-05;3.34268e-05;0.000488068;2.48576e-05;0.000450103;0.000305245;5.79986e-06;0.0012545;0.00016485;0.00153762;0.00250606;0.000109559;0.000180943;0.000711927;0.00258273;0.00107459;7.96526e-05;0.000510123;0.000916094;0.00110425;0.000893128;4.28769e-05;0.00118957;0.00010344;0.000463873;4.23464e-05;0.00111211;0.000402636;0.000661212;0.00129816;0.000137645;0.000999737;0.00226197;0.0131412;0.459881
67;5100;0.00879557;4.72237e-06;0.000644611;0.00122693;0.000491036;0.0015689;0.000676522;0.000156038;0.000948734;0.000856345;9.73948e-05;0.000814462;0.00179779;0.0198368;0.0551696;4.0375e-06;0.161814;0.000500552;0.0170055;0.000259808;0.000759875;0.00018475;0.000874628;0.000170124;0.000153066;0.173421;0.00729911;7.20344e-05;0.000751297;0.001898;0.00110065;0.00219584;0.000252417;0.000881734;0.000788437;0.00112493;0.000816655;0.000133172;0.000697244;0.000604096;0.000130941;0.000761628;0.00204342;4.2903e-05;0.000739625;0.000421953;0.00206745;0.00123072;5.26519e-05;0.00111912;0.000826547;0.000131602;0.001951;0.000237471;0.00353544;0.000685891;0.00093363;0.00584434;0.000568203;0.00033873;2.04582e-05;0.00198013;0.000977692;0.0011773;9.82759e-05;0.000364769;0.000508278;0.000146283;0.000135195;0.00147207;0.00418201;0.00161689;0.000401316;0.000932127;0.00142019;0.00186363;0.000197878;0.00147678;0.00217879;0.000508722;2.68862e-05;3.33854e-05;0.000481013;2.27849e-05;0.000444599;0.000303599;5.7666e-06;0.00125442;0.000148646;0.0015528;0.00250751;0.000109395;0.000177356;0.000713771;0.00258027;0.00107977;7.97143e-05;0.000509092;0.000911523;0.00111006;0.000893593;2.79839e-05;0.0011929;0.000102164;0.000435793;4.22604e-05;0.00111459;0.000394004;0.000658681;0.00129841;0.000137923;0.00100268;0.00227683;0.0132189;0.459781
67;5200;0.00888908;9.44473e-07;0.000643819;0.00122859;0.000491368;0.00156926;0.000677485;0.000156293;0.000948698;0.000856245;9.83453e-05;0.000814118;0.00180324;0.0198331;0.0551706;5.01001e-06;0.161807;0.000497777;0.0170068;0.000260564;0.000757775;0.000183566;0.000876523;0.000170009;0.000153206;0.17342;0.00731446;7.16064e-05;0.000747058;0.00189796;0.0011007;0.00220034;0.000252354;0.000881722;0.000785605;0.00112194;0.000816035;0.000133111;0.000690585;0.000605719;0.000130685;0.00076085;0.00204546;4.29489e-05;0.000734318;0.000422387;0.00207149;0.00123086;5.2487e-05;0.00111606;0.000826047;0.000131542;0.00195614;0.000237789;0.00353787;0.000684404;0.000935355;0.00585859;0.000565502;0.000334905;2.04464e-05;0.00198378;0.00097767;0.00117867;9.72069e-05;0.000362552;0.000505575;0.000143901;0.000134427;0.00147491;0.00419522;0.00162176;0.000397038;0.000932566;0.00141907;0.00186482;0.000200016;0.00147775;0.00217654;0.000508163;2.68358e-05;3.33625e-05;0.000478301;2.25055e-05;0.000442502;0.000303055;5.76355e-06;0.00125442;0.000142519;0.00155859;0.00250808;0.0001094;0.000176642;0.000714445;0.00257893;0.00108177;7.97277e-05;0.000508676;0.000909824;0.00111232;0.000893778;2.22107e-05;0.00119394;0.00010169;0.000425047;4.22077e-05;0.00111553;0.000390445;0.000657831;0.00129848;0.000138019;0.00100383;0.00228247;0.0132483;0.459742
67;5300;0.00907703;1.88895e-06;0.000642249;0.00123191;0.000492033;0.00156998;0.000679374;0.000156799;0.000948663;0.000856076;0.000100222;0.000813443;0.00181409;0.0198257;0.0551725;5.00993e-06;0.161794;0.000492206;0.0170093;0.000262097;0.000753576;0.000181455;0.000880173;0.000170091;0.000153501;0.173416;0.00734379;7.09844e-05;0.000738278;0.00189789;0.00110074;0.00220934;0.000252445;0.000881698;0.000779992;0.00111594;0.000814791;0.000132995;0.000677246;0.000608971;0.000130237;0.000759333;0.00204959;4.30419e-05;0.000723798;0.00042325;0.00207951;0.00123112;5.22877e-05;0.00110993;0.000825047;0.000131429;0.00196637;0.000238424;0.00354255;0.000681462;0.000938783;0.00588676;0.000560105;0.000327237;2.04252e-05;0.00199103;0.000977685;0.00118139;9.52531e-05;0.0003581;0.000500148;0.000140079;0.000132933;0.00148012;0.00422144;0.00163143;0.000388465;0.000933447;0.0014188;0.00186724;0.000204187;0.00147959;0.00217218;0.000507028;2.67328e-05;3.3311e-05;0.000472893;2.21267e-05;0.000438367;0.000302104;5.76618e-06;0.00125446;0.000130543;0.00157003;0.00250937;0.000109457;0.000175607;0.000715743;0.00257597;0.00108582;7.97435e-05;0.000507804;0.000906524;0.00111686;0.00089417;1.06311e-05;0.00119557;0.000100712;0.000403748;4.20658e-05;0.00111739;0.000383518;0.000656163;0.00129866;0.000138196;0.00100615;0.00229357;0.0133063;0.459667
67;5400;0.0092255;7.55579e-07;0.000641031;0.00123453;0.000492539;0.00157055;0.000680828;0.000157191;0.000948671;0.000855984;0.000101656;0.000812924;0.00182257;0.01982;0.055174;5.00991e-06;0.161783;0.000487817;0.0170114;0.000263317;0.000750279;0.000180026;0.000882929;0.000170295;0.000153743;0.173414;0.0073658;7.06802e-05;0.000731095;0.00189783;0.00110075;0.00221641;0.000252697;0.00088168;0.000775633;0.00111123;0.00081381;0.00013291;0.000666757;0.000611524;0.000129934;0.000758178;0.00205286;4.31156e-05;0.000715623;0.000423926;0.00208575;0.00123131;5.2183e-05;0.00110512;0.00082426;0.000131346;0.00197437;0.000238922;0.00354605;0.00067919;0.000941454;0.00590857;0.000555869;0.000321203;2.04094e-05;0.00199667;0.000977745;0.00118349;9.39274e-05;0.000354583;0.000495869;0.0001378;0.00013184;0.00148382;0.00424183;0.00163897;0.000381716;0.000934143;0.0014186;0.00186916;0.000207372;0.00148099;0.00216889;0.000506156;2.66528e-05;3.32683e-05;0.000468662;2.19047e-05;0.000435179;0.000301458;5.77221e-06;0.00125453;0.000121469;0.00157883;0.00251053;0.000109517;0.000174994;0.000716715;0.00257345;0.00108901;7.97483e-05;0.000507081;0.000904017;0.00112045;0.0008945;1.51055e-06;0.00119645;9.98968e-05;0.000387238;4.19175e-05;0.00111881;0.000378414;0.00065483;0.00129883;0.000138322;0.00100799;0.00230212;0.0133511;0.459609
67;5500;0.00925013;9.67141e-11;0.00064083;0.00123496;0.000492621;0.00157064;0.000681066;0.000157256;0.000948675;0.000855973;0.000101889;0.00081284;0.00182397;0.0198191;0.0551743;5.0099e-06;0.161781;0.00048709;0.0170117;0.00026352;0.000749733;0.000179808;0.000883376;0.000170335;0.000153783;0.173413;0.00736936;7.06436e-05;0.000729882;0.00189782;0.00110076;0.00221758;0.000252752;0.000881677;0.000774916;0.00111045;0.000813648;0.000132896;0.000665022;0.000611946;0.000129888;0.00075799;0.0020534;4.31278e-05;0.000714278;0.000424037;0.00208678;0.00123135;5.21681e-05;0.00110432;0.00082413;0.000131333;0.00197569;0.000239004;0.00354662;0.000678818;0.000941893;0.00591216;0.000555168;0.000320203;2.04068e-05;0.0019976;0.000977758;0.00118383;9.37268e-05;0.000353999;0.00049516;0.000137473;0.000131669;0.00148441;0.00424519;0.00164021;0.000380598;0.000934258;0.00141856;0.00186948;0.000207892;0.00148122;0.00216836;0.000506014;2.66397e-05;3.32613e-05;0.000467964;2.18718e-05;0.000434657;0.000301359;5.77338e-06;0.00125454;0.000120002;0.00158027;0.00251073;0.000109528;0.000174904;0.000716872;0.00257303;0.00108955;7.97486e-05;0.000506958;0.000903609;0.00112105;0.000894557;7.25328e-12;0.00119656;9.97572e-05;0.000384528;4.18897e-05;0.00111905;0.000377605;0.000654606;0.00129886;0.000138341;0.0010083;0.00230353;0.0133584;0.4596
67;5600;0.00925015;1.93428e-10;0.00064083;0.00123496;0.000492621;0.00157064;0.000681066;0.000157256;0.000948675;0.000855973;0.000101888;0.000812839;0.00182397;0.0198191;0.0551743;5.0099e-06;0.161781;0.000487089;0.0170117;0.00026352;0.000749733;0.000179808;0.000883376;0.000170335;0.000153783;0.173413;0.00736936;7.06436e-05;0.000729881;0.00189782;0.00110076;0.00221758;0.000252752;0.000881677;0.000774916;0.00111045;0.000813648;0.000132896;0.000665021;0.000611946;0.000129888;0.00075799;0.0020534;4.31278e-05;0.000714277;0.000424037;0.00208678;0.00123135;5.21681e-05;0.00110432;0.00082413;0.000131333;0.00197569;0.000239004;0.00354662;0.000678817;0.000941894;0.00591216;0.000555168;0.000320203;2.04068e-05;0.0019976;0.000977758;0.00118383;9.37266e-05;0.000353998;0.00049516;0.000137473;0.000131669;0.00148441;0.00424519;0.00164021;0.000380597;0.000934258;0.00141856;0.00186948;0.000207892;0.00148122;0.00216836;0.000506014;2.66398e-05;3.32612e-05;0.000467964;2.18718e-05;0.000434657;0.000301359;5.77339e-06;0.00125454;0.000120001;0.00158027;0.00251073;0.000109528;0.000174904;0.000716872;0.00257303;0.00108955;7.97486e-05;0.000506958;0.000903609;0.00112105;0.000894556;4.28879e-12;0.00119656;9.97571e-05;0.000384526;4.18896e-05;0.00111905;0.000377604;0.000654606;0.00129886;0.000138342;0.0010083;0.00230353;0.0133584;0.4596
67;5700;0.00925016;3.09485e-12;0.00064083;0.00123496;0.000492621;0.00157064;0.000681066;0.000157256;0.000948675;0.000855973;0.000101888;0.000812839;0.00182397;0.0198191;0.0551743;5.0099e-06;0.161781;0.000487089;0.0170117;0.00026352;0.000749732;0.000179808;0.000883376;0.000170335;0.000153783;0.173413;0.00736937;7.06436e-05;0.000729881;0.00189782;0.00110076;0.00221758;0.000252752;0.000881677;0.000774916;0.00111045;0.000813648;0.000132896;0.00066502;0.000611947;0.000129888;0.00075799;0.0020534;4.31278e-05;0.000714277;0.000424037;0.00208678;0.00123135;5.2168e-05;0.00110432;0.00082413;0.000131333;0.00197569;0.000239004;0.00354662;0.000678817;0.000941894;0.00591216;0.000555167;0.000320202;2.04068e-05;0.0019976;0.000977758;0.00118383;9.37266e-05;0.000353998;0.00049516;0.000137473;0.000131669;0.00148441;0.00424519;0.00164021;0.000380597;0.000934258;0.00141856;0.00186948;0.000207892;0.00148122;0.00216836;0.000506014;2.66398e-05;3.32612e-05;0.000467963;2.18718e-05;0.000434657;0.000301359;5.77339e-06;0.00125454;0.00012;0.00158027;0.00251073;0.000109528;0.000174904;0.000716872;0.00257303;0.00108955;7.97486e-05;0.000506958;0.000903609;0.00112105;0.000894556;9.80224e-11;0.00119656;9.97571e-05;0.000384525;4.18896e-05;0.00111905;0.000377604;0.000654605;0.00129886;0.000138342;0.0010083;0.00230353;0.0133584;0.4596
