condition;5FTHFabc;ACt;ATPase;COAabc;DADNabc;DCYTabc;DGSNabc;FAt;FORt;GLCpts;GLYCt;H2Ot;Ht;LIPTA;L_LACt2r;NACabc;NH3t;O2t;PIabc;RIBFLVabc;THMDabc;URAt2;trdoxt;trdrdt;AAabc;5FTHFPGS;ACKr;ACPPAT;ACPS;ACP_transl;ADK1;ADPT;AGPAT;APG3PAT;BPNT;CLPNS;CTPS2;CTPSDUMP;CYTK1;CYTK2;DADK;DADNK;DAGGALT;DAGPST;DASYN;DCMPDA;DCYTK;DGK1;DGSNK;DNAP;DRPA;ENO;FAKr;FBA;FMETTRS;FTHFCL;GALU;GAPD;GHMT;GK1;GLYK;GUAPRT;LDH_L;MTHFC;MTHFD;NADHK;NADS;NCTPPRT;NNATr;NOX;PAPA;PDH_E3;PDH_acald;PFK;PGI;PGK;PGK3;PGK4;PGM;PGMT;PGPP;PGSA;PPA;PPM2;PRPPS;PSSYN;PTAr;PUNP2;PUNP4;PYK2;PYK4;PYK5;PYK6;PYK7;PYK8;PdhC_transl;RBFK;RNAP;RPE;RPI;TALA;TKT1;TKT2;TMDK1;TMPK;TPI;TRDR;UDPG4E;UDPGALM;UMPK;UPPRT;dUTPase_transl;tRNAP;AATRS;Ribosome
1;1.43668e-05;7.29755e-14;0.768801;0.000161755;0.00374339;0.000206259;0.00397967;3.38306e-15;2.57879e-22;170.299;3.95138e-15;1.98651e-14;9.02746e-14;5.63044e-05;9.17835e-12;9.69632e-05;7.96922e-13;4.40096e-14;0.00130154;0.000113601;0.000153253;1.13861e-13;2.15789e-15;2.1332e-15;0.00236654;4.26151e-05;0.000188344;0.000179175;1.21798e-06;0.000356715;0.00342323;0.00113809;0.000400969;9.22965e-05;7.09728e-05;3.25082e-06;0.0220271;0.0488055;0.000205747;1.95693e-05;2.26488e-05;0.000196941;0.000155769;3.43597e-07;0.000169213;0.00419323;8.24439e-05;2.92089e-05;7.11992e-05;0.000177959;0.00126693;0.0386795;0.000230461;0.0393919;0.000124966;5.45134e-06;0.000151856;0.0635443;7.41674e-05;0.00272683;2.20389e-06;0.00215853;0.0313819;3.16064e-05;1.81572e-05;2.93666e-06;0.000581266;2.18963e-05;0.000197199;0.0015681;9.63878e-06;0.0169857;0.0169854;0.101982;0.0107383;0.026517;0.00175273;0.00585201;0.0271913;1.68263e-05;2.59436e-05;0.000207839;0.0017212;0.0122851;0.0578087;2.33935e-05;0.00021511;5.89759e-05;0.000220986;0.0158506;0.00105859;0.0004317;0.0822557;0.000141907;0.000423929;8.6571e-07;1.52154e-06;0.00125253;0.00135289;0.000558458;0.00361799;0.00495455;0.00206837;0.000110648;9.94823e-05;0.0860418;0.000258482;0.000443446;0.000967885;0.0063855;0.000880518;5.6083e-07;0.0050442;0.0907786;0.872997
2;1.80311e-05;9.13963e-14;0.957381;0.000203356;0.00466195;0.000257414;0.00495617;4.20297e-15;3.2251e-22;169.228;4.85469e-15;2.51953e-14;1.11967e-13;6.93892e-05;1.67121e-11;0.000121708;9.97111e-13;5.47971e-14;0.00162082;0.000143077;0.000191016;1.42327e-13;2.69805e-15;2.66853e-15;0.00294711;5.03689e-05;0.00022029;0.000209355;1.51866e-06;0.000398697;0.00396147;0.00132965;0.000485738;0.00010991;7.91223e-05;4.0648e-06;0.0259658;0.060711;0.000229782;2.42025e-05;2.82577e-05;0.000245542;0.000152709;3.16989e-07;0.000201055;0.00520589;0.000103118;3.70758e-05;8.89239e-05;0.000227797;0.00152995;0.0459537;0.000289486;0.0486188;0.000145763;6.85772e-06;0.000166821;0.0754657;9.27335e-05;0.00316297;2.76715e-06;0.00250439;0.0360761;3.9397e-05;2.26619e-05;3.45375e-06;0.000675459;2.69967e-05;0.000227927;0.00186676;1.21191e-05;0.0205225;0.0209195;0.122977;0.0123945;0.0303948;0.00194068;0.00686532;0.0322266;1.92987e-05;3.04023e-05;0.000232289;0.00215533;0.0152129;0.0680145;2.2602e-05;0.000279749;7.36315e-05;0.000275918;0.0184885;0.00118735;0.000539154;0.102615;0.000177372;0.000529684;9.72253e-07;2.03995e-06;0.00135512;0.00152332;0.000593707;0.00423134;0.00549356;0.00241712;0.000138173;0.000123811;0.106434;0.000295219;0.000499977;0.00108023;0.00731128;0.00103363;6.26563e-07;0.00541294;0.101543;0.96959
3;2.26224e-05;1.14403e-13;1.19195;0.000255635;0.00580467;0.000321174;0.00617097;5.21825e-15;4.03106e-22;168.071;5.95742e-15;3.19463e-14;1.39272e-13;8.56294e-05;1.62949e-11;0.000152707;1.24688e-12;6.81856e-14;0.002018;0.000180071;0.000238029;1.77806e-13;3.37148e-15;3.33628e-15;0.00366932;5.95581e-05;0.000258869;0.000246467;1.89317e-06;0.000446399;0.00461165;0.00155992;0.000587941;0.000131691;8.86571e-05;5.07988e-06;0.0306399;0.0754988;0.000256219;2.99325e-05;3.52439e-05;0.000306132;0.000201124;3.12607e-07;0.000238402;0.00646181;0.000128974;4.72082e-05;0.000111061;0.000296171;0.00185505;0.0547125;0.000363824;0.060114;0.000170068;8.62266e-06;0.000185226;0.0902309;0.000115873;0.00368864;3.47313e-06;0.00294227;0.0416426;4.90217e-05;2.83631e-05;4.06714e-06;0.000785021;3.29554e-05;0.000263231;0.00225088;1.52323e-05;0.0249131;0.025801;0.149213;0.0144456;0.0349944;0.00215373;0.00808923;0.0382692;2.23283e-05;3.59196e-05;0.000259441;0.00269871;0.0188472;0.0809093;2.94003e-05;0.000365306;9.19101e-05;0.000344495;0.021607;0.00132948;0.000673006;0.127952;0.000221568;0.000661466;1.09355e-06;2.71639e-06;0.00146755;0.00174417;0.000643471;0.0050154;0.00620442;0.0028574;0.000172481;0.000154071;0.131812;0.000343994;0.000563887;0.00123558;0.00840489;0.00121821;7.01002e-07;0.0058171;0.11362;1.07901
4;2.83673e-05;1.43099e-13;1.48342;0.000321277;0.00722481;0.000400555;0.00768066;6.47418e-15;5.03477e-22;166.805;7.30183e-15;4.04825e-14;1.73761e-13;0.00010576;1.56625e-11;0.000191487;1.55808e-12;8.47829e-14;0.00251158;0.000226416;0.000296496;2.21967e-13;4.20996e-15;4.16811e-15;0.00456682;7.05692e-05;0.000305551;0.000292389;2.35914e-06;0.000500687;0.0053986;0.00183914;0.000711117;0.000158727;9.98506e-05;6.34354e-06;0.03626;0.0938475;0.000285666;3.70134e-05;4.39358e-05;0.000381611;0.000228201;3.21243e-07;0.000282293;0.00801815;0.00016128;6.03523e-05;0.00013868;0.00038581;0.00225574;0.0652638;0.0004574;0.0743989;0.000198481;1.08342e-05;0.000207601;0.108411;0.000144673;0.00432237;4.35681e-06;0.00348223;0.0482335;6.09095e-05;3.55812e-05;4.78331e-06;0.000912859;3.99772e-05;0.000304068;0.00273879;1.91355e-05;0.030343;0.0318525;0.181842;0.0169691;0.0404634;0.00239544;0.00956831;0.0455249;2.60261e-05;4.26987e-05;0.000289864;0.00337934;0.0233565;0.0971479;3.29857e-05;0.000476831;0.000114691;0.000430017;0.0253355;0.00148788;0.000839603;0.159448;0.000276627;0.000825527;1.23184e-06;3.59347e-06;0.00159318;0.00202557;0.000711018;0.00600203;0.00712059;0.00340675;0.000215191;0.000191668;0.163328;0.000406964;0.000636305;0.00139666;0.00971213;0.00144234;7.85426e-07;0.0062696;0.127172;1.20316
5;3.55436e-05;1.78833e-13;1.84515;0.000403623;0.00898759;0.000499249;0.00955459;8.02592e-15;6.28284e-22;165.406;8.93833e-15;5.12709e-14;2.17426e-13;0.000130684;6.00371e-11;0.000239915;1.94523e-12;1.0533e-13;0.00312422;0.00028434;0.000369117;2.76851e-13;5.25234e-15;5.20273e-15;0.00568081;8.3758e-05;0.000362221;0.000349621;2.93819e-06;0.000562513;0.00635217;0.00217752;0.00085938;0.00019244;0.000113022;7.91344e-06;0.0429696;0.116586;0.000317901;4.57529e-05;5.47353e-05;0.000475557;0.000258244;3.39865e-07;0.000333381;0.0099446;0.000201597;7.76104e-05;0.000173098;0.00050192;0.00274851;0.0779792;0.000575097;0.0921159;0.00023169;1.36003e-05;0.000234505;0.130728;0.000180457;0.00508613;5.46091e-06;0.00414206;0.0560115;7.55767e-05;4.47486e-05;5.59478e-06;0.00106197;4.82317e-05;0.000351057;0.00335331;2.40274e-05;0.0370411;0.039347;0.22231;0.0200618;0.0469942;0.00267108;0.0113684;0.0542383;3.05232e-05;5.10765e-05;0.000323525;0.00423397;0.0289438;0.117474;3.69612e-05;0.000618012;0.000143057;0.000536578;0.02976;0.00166172;0.0010467;0.198538;0.000345165;0.00102951;1.38958e-06;4.72138e-06;0.00173218;0.00237926;0.000799169;0.00723177;0.00828078;0.00408793;0.000268283;0.000238331;0.202394;0.000486749;0.000717156;0.00157669;0.0112642;0.0017143;8.81209e-07;0.00677088;0.142364;1.34416
6;4.44899e-05;2.23241e-13;2.29335;0.000506812;0.0111722;0.000621752;0.0118769;9.9398e-15;7.8316e-22;163.841;1.09261e-14;6.4866e-14;2.72589e-13;0.000161495;2.57592e-11;0.000300284;2.42587e-12;1.30718e-13;0.00388344;0.000356593;0.00045917;3.44924e-13;6.54562e-15;6.48696e-15;0.0070613;9.99613e-05;0.000430991;0.000421494;3.65643e-06;0.00063245;0.00750015;0.00258017;0.00103758;0.000234695;0.00012831;9.85701e-06;0.0504825;0.144721;0.000347481;5.65249e-05;6.81294e-05;0.000592326;0.000284943;3.68459e-07;0.000386541;0.0123257;0.000251826;0.000100698;0.00021592;0.00065591;0.00335357;0.0933003;0.000722975;0.114044;0.000270349;1.7053e-05;0.000266071;0.158099;0.000224824;0.00600574;6.83757e-06;0.00493432;0.0651608;9.36482e-05;5.64364e-05;6.47888e-06;0.00123385;5.77343e-05;0.000402747;0.00411976;3.01593e-05;0.0452842;0.0486137;0.272392;0.0238505;0.0548583;0.00301043;0.0136;0.0646916;3.60038e-05;6.19836e-05;0.000355442;0.00531444;0.035855;0.142769;4.04178e-05;0.000790283;0.000178346;0.000669221;0.0346049;0.00182391;0.00130369;0.246934;0.000430343;0.00128268;1.56831e-06;6.16133e-06;0.00187617;0.00281994;0.000911187;0.00875445;0.00973307;0.00492962;0.000334157;0.000296154;0.250714;0.000586276;0.000790458;0.00173962;0.0129967;0.00203929;9.89069e-07;0.00728834;0.159222;1.50316
7;5.56244e-05;2.78296e-13;2.84776;0.000636447;0.0138752;0.000773556;0.0147503;1.23031e-14;4.56954e-16;162.09;1.33533e-14;8.22353e-14;3.4495e-13;0.000199529;4.06763e-11;0.000375372;3.02137e-12;1.62089e-13;0.00482283;0.000446581;0.000570661;4.29211e-13;8.14732e-15;8.07788e-15;0.00876938;0.000119748;0.000514336;0.000515532;4.54618e-06;0.000710105;0.00887572;0.00304953;0.00124968;0.000289249;0.000145937;1.22469e-05;0.0568765;0.179467;0.000339783;6.97354e-05;8.47104e-05;0.000737233;0.000274597;4.17178e-07;0.000412305;0.0152597;0.000314267;0.000133331;0.000269063;0.000897466;0.00409611;0.111687;0.000907761;0.141125;0.000314901;2.13514e-05;0.00030116;0.191889;0.000279723;0.00715437;8.54504e-06;0.00587114;0.0758513;0.000115853;7.15296e-05;7.372e-06;0.0014269;6.80934e-05;0.000455565;0.00508055;3.79396e-05;0.0554356;0.0600482;0.334313;0.0285551;0.0644272;0.00353864;0.0163796;0.0771672;4.2786e-05;8.25585e-05;0.000361912;0.00670729;0.0443942;0.17446;3.87539e-05;0.000995347;0.000222306;0.000834559;0.0383017;0.00183745;0.00162197;0.306725;0.000536008;0.00159624;1.76719e-06;7.95007e-06;0.00197441;0.00337167;0.00105786;0.0106328;0.011556;0.00596841;0.000415702;0.00036768;0.310361;0.000710398;0.000794861;0.00165841;0.0146412;0.00242257;1.10805e-06;0.00763004;0.177441;1.67945
8;6.94367e-05;3.46263e-13;3.52964;0.000798246;0.0172004;0.000960788;0.0182851;1.51986e-14;1.2051e-15;160.055;1.62769e-14;1.03741e-13;4.35353e-13;0.000242018;4.75656e-11;0.00046858;3.75577e-12;2.00593e-13;0.00597843;0.000558708;0.000707957;5.33055e-13;1.01213e-14;1.00395e-14;0.0108705;0.000144994;0.000613366;0.000643722;5.64248e-06;0.000799437;0.0104431;0.00363758;0.00150288;0.000363541;0.000164104;1.49126e-05;0.0658486;0.222159;2.01598e-05;8.58506e-05;0.00010512;0.000915241;0.000278228;4.86485e-07;0.000375184;0.0188614;0.000391222;0.000181796;0.000334341;0.00116786;0.00500759;0.133854;0.00113836;0.174441;0.000366959;2.66918e-05;0.000346798;0.233461;0.000347317;0.00851884;1.06487e-05;0.0070365;0.0879705;0.000143089;9.09338e-05;8.2548e-06;0.00165597;8.12969e-05;0.000522254;0.00626245;4.82581e-05;0.0677532;0.0740661;0.409754;0.0342514;0.0754923;0.00409815;0.0195456;0.0922042;5.0913e-05;0.000158283;0.000241142;0.00854658;0.0549399;0.213507;3.9232e-05;0.00123348;0.000276837;0.00103956;0.0439121;0.00116128;0.00201592;0.380541;0.000667217;0.00198413;1.99647e-06;1.01304e-05;0.00187325;0.00403817;0.00123666;0.0129288;0.013762;0.00722004;0.000516058;0.000455594;0.38375;0.000863907;0.00080159;0.00177025;0.0168986;0.00290163;1.24491e-06;0.00720514;0.197741;1.88166
9;8.65845e-05;4.29906e-13;4.36658;0.000999938;0.0212827;0.00119126;0.0226248;1.87355e-14;2.29547e-15;157.711;1.97843e-14;1.30357e-13;5.48398e-13;0.000281012;5.75679e-11;0.000584045;4.65859e-12;2.47707e-13;0.0073972;0.000698107;0.000876691;6.60586e-13;1.25464e-14;1.24505e-14;0.0134497;0.000172345;0.000735237;0.000812705;6.98941e-06;0.00090298;0.0125387;0.00435309;0.00180467;0.000462512;0.000139144;1.80803e-05;0.0776623;0.274508;1.65577e-05;0.000105415;0.000130177;0.00113297;0.000304229;5.71832e-07;0.000463335;0.0232636;0.000485728;0.000263759;0.000414171;0.00140453;0.00612971;0.160479;0.00142615;0.215329;0.000428181;3.33102e-05;0.000395746;0.28501;0.000430275;0.0100988;1.32251e-05;0.00845493;0.102864;0.000176399;0.000116217;9.04167e-06;0.00192236;9.72161e-05;0.000597998;0.00770677;6.21248e-05;0.0827904;0.0912122;0.502182;0.0409334;0.0886713;0.00461104;0.0232627;0.110266;6.02567e-05;0.000181026;0.000274117;0.0108981;0.0679377;0.261605;4.30404e-05;0.00151338;0.000344183;0.00129257;0.0511707;0.00119669;0.00250252;0.471315;0.000830507;0.00246287;2.26238e-06;1.27041e-05;0.0020438;0.00485924;0.00146018;0.0157503;0.0164908;0.00875003;0.000639171;0.000563429;0.473848;0.00104845;0.000872758;0.00192304;0.019642;0.00348453;1.40314e-06;0.00782772;0.221056;2.11558
10;0.000107726;5.32394e-13;5.38997;0.00125031;0.026276;0.00147368;0.0279326;2.30424e-14;3.81872e-15;155.014;2.39805e-14;1.63465e-13;6.90707e-13;0.000372675;6.92181e-11;0.000726209;5.76377e-12;3.05152e-13;0.00913261;0.000869959;0.00108323;8.1656e-13;1.55132e-14;1.54014e-14;0.0166044;0.000204303;0.000884009;0.00101813;8.63745e-06;0.00102117;0.014908;0.0052353;0.00216424;0.000585737;0.000219721;2.19804e-05;0.0921386;0.338451;1.70299e-05;0.000129094;0.000160817;0.00139854;0.000321093;6.77333e-07;0.000574608;0.0286285;0.000601409;0.000423439;0.000511849;0.00171358;0.00749978;0.192331;0.00178408;0.265298;0.000499402;4.14643e-05;0.000456355;0.348167;0.000531669;0.0119997;1.63669e-05;0.0101972;0.120189;0.000216986;0.000149917;9.60839e-06;0.00223835;0.000116699;0.000688625;0.00947669;8.03927e-05;0.100995;0.11209;0.615099;0.0490548;0.10445;0.005193;0.0277244;0.131818;7.16348e-05;0.000208401;0.000312816;0.0137961;0.0838574;0.320546;4.56876e-05;0.00184679;0.000426883;0.00160357;0.0599252;0.00124271;0.00309984;0.582433;0.00103218;0.00305025;2.5661e-06;1.57112e-05;0.00224701;0.00586345;0.0017356;0.0191949;0.0198383;0.0106148;0.000789603;0.000695224;0.58393;0.00127276;0.000937511;0.00206502;0.0229742;0.00420124;1.58302e-06;0.00857362;0.247028;2.38198
11;0.000133636;6.57251e-13;6.63408;0.0015591;0.0323479;0.00181772;0.0343872;2.82588e-14;5.90606e-15;151.897;2.89696e-14;2.04437e-13;8.68349e-13;0.000456619;1.21468e-10;0.00090016;7.10886e-12;3.74804e-13;0.011243;0.00108041;0.00133456;1.00622e-12;1.91219e-14;1.89924e-14;0.0204404;0.000241607;0.00106422;0.00126118;1.06423e-05;0.00115578;0.0177837;0.00631255;0.00259121;0.000736381;0.000254105;2.67335e-05;0.110026;0.416107;1.83666e-05;0.000157605;0.000198072;0.00172072;0.000343091;8.05731e-07;0.00071633;0.0351311;0.000742216;0.000628948;0.000631663;0.0020954;0.00916036;0.23028;0.002227;0.326;0.000582017;5.14493e-05;0.00052955;0.424775;0.000654888;0.0142776;2.01791e-05;0.0123175;0.140295;0.000266201;0.000196287;9.81361e-06;0.00260871;0.000140338;0.00079521;0.0116311;0.000104326;0.123097;0.137292;0.752151;0.0588437;0.123218;0.00585198;0.033062;0.157436;8.53479e-05;0.000240351;0.000358033;0.017311;0.103225;0.392197;4.91491e-05;0.00224357;0.000527662;0.00198419;0.0706861;0.00129957;0.00382886;0.71782;0.00128009;0.00376678;2.91229e-06;1.92127e-05;0.0024892;0.00707954;0.0020693;0.0233686;0.0239001;0.0128712;0.000972371;0.000855376;0.717632;0.0015435;0.00102037;0.00224735;0.0270307;0.00507423;1.78714e-06;0.00946598;0.275867;2.6846
12;0.000165163;8.08305e-13;8.13603;0.00193699;0.0396805;0.00223385;0.0421817;3.45367e-14;8.70381e-15;148.29;3.48598e-14;2.54817e-13;1.0883e-12;0.000522072;3.85501e-11;0.00111142;8.73461e-12;4.587e-13;0.0137917;0.00133608;0.00163827;1.23525e-12;2.34812e-14;2.33319e-14;0.0250727;0.000284989;0.00128099;0.00154972;1.30644e-05;0.00130854;0.0212571;0.00761803;0.00309505;0.000920896;0.000295943;3.2478e-05;0.131967;0.509772;2.01825e-05;0.000191703;0.000243057;0.00210899;0.000372676;9.60476e-07;0.000897953;0.0429603;0.000912424;0.000786872;0.000777442;0.00255172;0.0111577;0.275235;0.00277106;0.39923;0.000677452;6.35861e-05;0.000617072;0.51688;0.000803623;0.0169897;2.47745e-05;0.0148787;0.163536;0.000325503;0.000264109;9.47865e-06;0.00304386;0.000168787;0.000920836;0.0142348;0.000135575;0.149418;0.167884;0.91733;0.0705556;0.14541;0.00659493;0.0394091;0.187713;0.00010174;0.000274781;0.000409545;0.0215442;0.126614;0.47861;5.37598e-05;0.00271298;0.0006495;0.00244614;0.0839014;0.00136861;0.00471262;0.881569;0.00158322;0.00463495;3.30552e-06;2.32553e-05;0.00277466;0.00854017;0.00246903;0.028389;0.0287866;0.0155822;0.00119289;0.00104864;0.878903;0.00186837;0.00112654;0.00248348;0.0319301;0.00612955;2.01798e-06;0.0105204;0.307734;3.02706
13;0.000203202;9.8953e-13;9.93424;0.00239548;0.0484622;0.00273295;0.0515166;4.2034e-14;1.23802e-14;144.121;4.17559e-14;3.16281e-13;1.3581e-12;0.000682465;1.19394e-10;0.00136574;1.06832e-11;5.58944e-13;0.0168441;0.00164382;0.00200222;1.50954e-12;2.87032e-14;2.85326e-14;0.0306202;0.000335228;0.00153948;0.00189209;1.59664e-05;0.00148104;0.0253594;0.00918367;0.00368535;0.00114663;0.000344549;3.93567e-05;0.158505;0.62182;2.23901e-05;0.000232157;0.000296928;0.00257319;0.000411451;1.1455e-06;0.00113212;0.0523103;0.00111648;0.000956494;0.000952676;0.00308655;0.0135391;0.328103;0.0034333;0.486842;0.000787085;7.82101e-05;0.000720632;0.626578;0.000981765;0.0201998;3.02702e-05;0.0179416;0.190247;0.0003964;0.000376671;8.39859e-06;0.00354926;0.000202612;0.00106726;0.0173585;0.000176232;0.180867;0.204239;1.11478;0.0844582;0.171447;0.00743308;0.0468777;0.223247;0.000121167;0.00031623;0.000470491;0.0265995;0.154611;0.581935;5.97452e-05;0.00326588;0.000795501;0.00300092;0.0999885;0.00145231;0.00577521;1.07786;0.00195145;0.00567824;3.74995e-06;2.78763e-05;0.00310766;0.0102795;0.00294319;0.0343771;0.0346136;0.0188131;0.00145677;0.00127995;1.07182;0.0022574;0.00125855;0.00278155;0.0377958;0.00739239;2.27777e-06;0.0117527;0.342746;3.41261
14;0.00024861;1.20479e-12;12.0658;0.00294581;0.0588752;0.00332552;0.0625856;5.09045e-14;1.71162e-14;139.324;4.97506e-14;3.90577e-13;1.68567e-12;0.000832124;1.42281e-10;0.00166869;1.29956e-11;6.77577e-13;0.0204638;0.00201012;0.00243399;1.83477e-12;3.4897e-14;3.47034e-14;0.0371981;0.000393704;0.00184486;0.00229511;1.94092e-05;0.0016746;0.030182;0.0110409;0.00437105;0.0014209;0.000401139;4.75083e-05;0.190143;0.754539;2.49863e-05;0.000279685;0.000360802;0.00312288;0.000460661;1.36521e-06;0.0014339;0.0633681;0.0013587;0.00115556;0.0011612;0.00370457;0.0163496;0.389715;0.00423037;0.590626;0.000912147;9.56474e-05;0.000841796;0.755923;0.00119341;0.0239674;3.67796e-05;0.0215665;0.220713;0.000480366;0.000627839;6.38189e-06;0.00413295;0.000242317;0.00123664;0.0210769;0.000228847;0.218053;0.247235;1.34851;0.100809;0.201726;0.0083765;0.0555734;0.264576;0.000143969;0.000372745;0.0005457;0.0325771;0.187784;0.704237;6.72804e-05;0.00391197;0.000968702;0.00366039;0.119336;0.00155125;0.00704026;1.31085;0.00239531;0.00691966;4.24913e-06;3.30922e-05;0.00349096;0.0123303;0.00349975;0.0414492;0.0414933;0.022627;0.0017694;0.00155405;1.30031;0.00273229;0.00141815;0.00314761;0.0447363;0.00888765;2.56836e-06;0.0131732;0.380944;3.84395
15;0.000302066;1.45742e-12;14.5626;0.00359817;0.071077;0.00402057;0.075556;6.12831e-14;2.30774e-14;133.839;5.89148e-14;4.79347e-13;2.07845e-12;0.00099197;1.68969e-10;0.002025;1.57072e-11;8.16373e-13;0.0247055;0.00244038;0.00294014;2.21586e-12;4.21564e-14;4.19389e-14;0.0449059;0.000463053;0.00220119;0.00276522;2.34452e-05;0.00189025;0.0357823;0.0132168;0.00515991;0.00175127;0.000466147;5.70582e-05;0.227301;0.909899;2.79931e-05;0.000334893;0.000435646;0.00376628;0.000521201;1.62405e-06;0.00181931;0.0762963;0.0016428;0.00138811;0.00140644;0.00441033;0.0196285;0.460716;0.00517636;0.71213;0.0010536;0.000116179;0.000981821;0.907061;0.00144411;0.0283444;4.44012e-05;0.0258052;0.255301;0.000578918;0.00154303;3.93326e-06;0.00480489;0.000288361;0.00143136;0.0255258;0.000296198;0.261487;0.297639;1.62196;0.119825;0.236495;0.00943759;0.0655796;0.312106;0.00017043;0.000443702;0.000636232;0.0395663;0.226627;0.847274;7.64711e-05;0.00465952;0.00117177;0.0044352;0.142264;0.00166371;0.00852877;1.58414;0.00292533;0.00837955;4.80575e-06;3.88913e-05;0.00392574;0.01472;0.00414484;0.0497048;0.049516;0.0270769;0.00213541;0.00187504;1.56777;0.00349263;0.00160629;0.00358562;0.0528415;0.0106369;2.89117e-06;0.0147862;0.422318;4.32302
16;0.000363947;1.74975e-12;17.447;0.00435904;0.0851767;0.00482419;0.0905438;7.32677e-14;3.03891e-14;127.626;6.93005e-14;5.83645e-13;2.5413e-12;0.00118688;2.00454e-10;0.00243767;1.88422e-11;9.76594e-13;0.0296072;0.00293753;0.00352515;2.65617e-12;5.05466e-14;5.03045e-14;0.0538124;0.000545335;0.00261257;0.00331128;2.81104e-05;0.00212867;0.0421877;0.0157323;0.00605903;0.00214661;0.00053965;6.81006e-05;0.270277;1.08928;3.14261e-05;0.000398206;0.000522124;0.00450882;0.000593435;1.92562e-06;0.0022978;0.0912138;0.00197123;0.00165678;0.0016906;0.00521587;0.023409;0.541416;0.00627881;0.852454;0.00121201;0.000139986;0.0011418;1.08329;0.00173883;0.0333742;5.31977e-05;0.0306987;0.294508;0.000693595;0.00226164;3.93124e-06;0.00559843;0.000341599;0.00165943;0.0309655;0.000380385;0.312221;0.355927;1.93746;0.141663;0.275952;0.0106289;0.0769361;0.366007;0.000200798;0.000520025;0.000735478;0.0476308;0.2715;1.01221;8.73002e-05;0.00551508;0.00140655;0.0053326;0.168955;0.00177807;0.010256;1.90032;0.00355091;0.0100726;5.42156e-06;4.52063e-05;0.00440994;0.0174663;0.00488124;0.0592157;0.0587231;0.0321978;0.00255795;0.00224574;1.87659;0.00445199;0.00182314;0.00409649;0.0621699;0.0126575;3.24721e-06;0.0165837;0.466827;4.85095
17;0.000434823;2.08263e-12;20.7265;0.00523203;0.101213;0.00573866;0.10759;8.68866e-14;3.91914e-14;120.679;8.08742e-14;7.04177e-13;3.07576e-12;0.00140875;2.36883e-10;0.00290807;2.24094e-11;1.15862e-12;0.0351825;0.00350289;0.00419064;3.15687e-12;6.00899e-14;5.9837e-14;0.0639421;0.000632897;0.00308192;0.00392721;3.34177e-05;0.00239009;0.0494426;0.0185917;0.00706964;0.00260756;0.000622446;8.06866e-05;0.319239;1.29314;3.53637e-05;0.000469681;0.000620474;0.00535252;0.000678215;2.27295e-06;0.00286515;0.108146;0.00234499;0.00196089;0.00201481;0.00611556;0.027694;0.631774;0.00754309;1.01192;0.00138745;0.000167153;0.00132169;1.28361;0.00207453;0.0390732;6.32042e-05;0.0362603;0.337478;0.000824112;0.00271409;4.60185e-06;0.00651326;0.000402689;0.00192157;0.0371865;0.0004819;0.370032;0.422229;2.29583;0.166356;0.320372;0.0119418;0.0896644;0.426261;0.00023511;0.000585087;0.000818683;0.0567826;0.322512;1.19944;9.98325e-05;0.0064779;0.00167351;0.00635486;0.199509;0.0018847;0.0122287;2.26037;0.00427974;0.0120052;6.09707e-06;5.1996e-05;0.00493771;0.0205713;0.00570857;0.0699957;0.0691311;0.0379994;0.00303809;0.00266714;2.22755;0.00535891;0.00207102;0.00468495;0.0727806;0.0149553;3.63685e-06;0.0185441;0.514402;5.42806
18;0.000513114;2.45093e-12;24.3808;0.00614436;0.119049;0.00675416;0.12655;1.02092e-13;4.69471e-14;112.961;9.47125e-14;8.16397e-13;3.53473e-12;0.00165528;1.161e-10;0.00342759;2.63675e-11;1.36139e-12;0.0413816;0.00413561;0.00493035;3.71376e-12;7.06932e-14;3.1084e-11;0.0752065;0.000732428;0.00360066;0.004652;3.92887e-05;0.00267612;0.0575679;0.0217903;0.00834647;0.00309093;0.000716942;9.48063e-05;0.371918;1.52133;3.87633e-05;0.000553607;0.000729952;0.00628744;0.000739761;2.63836e-06;0.00346842;0.127287;0.00275834;0.00230649;0.00236321;0.00714393;0.0325318;0.733461;0.00892403;1.18972;0.00157841;0.000196972;0.00152162;1.50772;0.00243862;0.0453557;7.46034e-05;0.0424335;0.385887;0.000969676;0.00318274;5.44267e-06;0.00755763;0.000476814;0.00221236;0.0437602;0.000580342;0.433826;0.496239;2.69334;0.193602;0.371199;0.0134138;0.104196;0.494163;0.000274666;0.000582653;0.000540429;0.0671232;0.379372;1.40544;0.000107016;0.00762335;0.00196726;0.00745379;0.230791;0.00191851;0.014412;2.6626;0.00502557;0.014148;6.83533e-06;6.25064e-05;0.00548152;0.0239568;0.00657056;0.0819776;0.0802;0.0444348;0.00357523;0.00313744;2.61925;0.0063129;0.00225697;0.00512179;0.0841925;0.0175135;4.06389e-06;0.0205368;0.565335;6.05241
19;0.00059822;2.8532e-12;28.3793;0.00712566;0.138557;0.00786334;0.147286;1.1874e-13;5.48386e-14;104.639;1.10127e-13;9.34407e-13;4.00127e-12;0.00192484;1.35146e-10;0.0039932;3.0694e-11;1.58337e-12;0.0481611;0.00482472;0.00573893;4.32286e-12;8.22878e-14;5.2641e-11;0.0875261;0.000844278;0.0041688;0.0054493;4.57044e-05;0.00298831;0.0664946;0.0252886;0.00978476;0.00359046;0.000821579;0.000110391;0.429822;1.77127;4.28891e-05;0.000646521;0.000849715;0.00731101;0.000808107;3.04572e-06;0.00423746;0.148306;0.00320985;0.00268679;0.00274276;0.00827416;0.0378373;0.84321;0.0104222;1.38431;0.00178548;0.000229408;0.00173991;1.75304;0.00283495;0.0522291;8.71293e-05;0.0491881;0.437034;0.00112901;0.00370586;6.36041e-06;0.00869887;0.00055784;0.002529;0.0509891;0.00068943;0.503629;0.577261;3.12794;0.223319;0.426612;0.0150086;0.119974;0.567326;0.00031808;0.000664711;0.000471659;0.0784077;0.441572;1.63044;0.00011481;0.00890077;0.00228821;0.00865286;0.265124;0.00204458;0.0168004;3.10365;0.00582764;0.0164932;7.6403e-06;7.46969e-05;0.0061273;0.0276505;0.0075047;0.0950938;0.0922176;0.0514723;0.00416345;0.00365221;3.04798;0.00736553;0.00246062;0.00559705;0.0967061;0.0203137;4.53026e-06;0.0229108;0.620606;6.73369
20;0.000688935;3.28372e-12;32.6585;0.00817392;0.159435;0.00904947;0.169479;1.36558e-13;6.32595e-14;95.8494;1.26634e-13;1.06134e-12;4.49621e-12;0.00221356;1.55529e-10;0.00459707;3.53244e-11;1.82103e-12;0.0554169;0.00555872;0.00660402;4.97476e-12;9.4697e-14;4.07357e-11;0.100711;0.000966388;0.00477879;0.00629809;5.25726e-05;0.00332401;0.0760586;0.0290283;0.0113284;0.00411936;0.00093376;0.000127094;0.492181;2.03879;4.77056e-05;0.000746005;0.000977898;0.00840776;0.000884957;3.49071e-06;0.00505833;0.170811;0.00369312;0.00309405;0.00314998;0.00946319;0.0435083;0.958446;0.0120221;1.59253;0.00200653;0.000264058;0.00197084;2.01525;0.00325939;0.0595908;0.000100534;0.0564232;0.489372;0.00129956;0.00428092;7.32634e-06;0.00991183;0.000643403;0.00286563;0.0588455;0.000804236;0.578358;0.664049;3.593;0.25499;0.485302;0.0167013;0.136588;0.643964;0.000364237;0.00075793;0.000485976;0.0904599;0.508108;1.87131;0.000123847;0.0102748;0.0026319;0.00994;0.302541;0.0022135;0.0193629;3.57673;0.00669017;0.0190093;8.50518e-06;8.77295e-05;0.00683429;0.0316033;0.00850513;0.109131;0.105083;0.0589998;0.00479299;0.00420316;3.50676;0.00851089;0.00267797;0.00610163;0.110151;0.0233126;5.03215e-06;0.0255179;0.679973;7.46742
21;0.000783338;3.73342e-12;37.1285;0.00926644;0.181242;0.0102876;0.192661;1.55168e-13;7.20349e-14;86.759;1.43881e-13;1.19433e-12;5.00718e-12;0.00239461;1.76821e-10;0.0052266;4.01611e-11;2.06933e-12;0.0629959;0.0063224;0.00750741;5.65573e-12;1.07659e-13;6.14262e-11;0.114484;0.00109623;0.00541777;0.0071803;5.97479e-05;0.00367752;0.0860535;0.0329272;0.0129459;0.00466745;0.00105092;0.000144559;0.557561;2.31826;5.30139e-05;0.00085001;0.0011118;0.00955429;0.000960736;3.96212e-06;0.00590405;0.194329;0.00419796;0.00351964;0.00357594;0.0106923;0.0494245;1.0766;0.0136905;1.81001;0.0022376;0.000300196;0.00220769;2.28872;0.00370294;0.0672747;0.000114542;0.0639807;0.541502;0.00147775;0.00489412;8.32474e-06;0.0111705;0.000731781;0.00321399;0.0671622;0.000921702;0.656386;0.754932;4.07862;0.28792;0.546018;0.0184514;0.153676;0.722357;0.00041222;0.000850158;0.000520605;0.103035;0.57757;2.12288;0.000132778;0.0117171;0.00299091;0.0112863;0.342174;0.00240913;0.0220473;4.07217;0.00759445;0.0216449;9.41535e-06;0.000101371;0.00758191;0.0357281;0.00954807;0.123788;0.118504;0.0668554;0.00545064;0.0047787;3.98592;0.00972278;0.00287781;0.00654308;0.124187;0.0264449;5.5613e-06;0.0282797;0.742607;8.24108
22;0.000879145;4.19139e-12;41.6808;0.0103762;0.203451;0.0115478;0.216268;1.74115e-13;8.09911e-14;77.571;1.61447e-13;1.33003e-12;5.52036e-12;0.00282272;1.98504e-10;0.00586658;4.50867e-11;2.3222e-12;0.0707142;0.00709746;0.00842718;6.3492e-12;1.2086e-13;5.28483e-11;0.12851;0.0012306;0.00607021;0.00807411;6.70558e-05;0.00404063;0.0962344;0.0368877;0.014599;0.0052214;0.00117009;0.000162363;0.624337;2.6029;5.86301e-05;0.00095604;0.00124818;0.0107225;0.00102799;4.44798e-06;0.00675532;0.218291;0.00471209;0.00395325;0.00401008;0.0119362;0.0554418;1.19476;0.015388;2.03144;0.00247343;0.000336949;0.00244438;2.56669;0.00415481;0.075084;0.000128815;0.0716716;0.591965;0.00165923;0.00552878;9.33548e-06;0.0124446;0.000820869;0.00356487;0.075735;0.00103916;0.73593;0.847195;4.57291;0.321316;0.607285;0.0202078;0.170821;0.800573;0.000461026;0.000935362;0.000562679;0.115828;0.648266;2.37897;0.000140613;0.0131929;0.0033564;0.012658;0.383025;0.00261904;0.0247903;4.57825;0.00851843;0.024338;1.03497e-05;0.000115315;0.00834771;0.0399209;0.0106061;0.138701;0.132134;0.0748448;0.00612043;0.00536487;4.47381;0.01097;0.00303824;0.00684469;0.138441;0.0296322;6.10538e-06;0.0311116;0.807145;9.03655
23;0.000973907;4.64584e-12;46.1982;0.0114746;0.225488;0.0127977;0.239694;1.92911e-13;8.99203e-14;68.5053;1.78874e-13;1.46476e-12;6.02171e-12;0.00312766;2.2002e-10;0.0065006;4.99745e-11;2.57314e-12;0.0783731;0.00786412;0.00933968;7.03733e-12;1.33959e-13;2.62701e-12;0.142429;0.00136591;0.00671942;0.00895687;7.43075e-05;0.00440391;0.106343;0.0408046;0.0162456;0.00576697;0.00128827;0.000180051;0.690763;2.88542;6.43763e-05;0.0010614;0.00138353;0.0118824;0.0010867;4.93536e-06;0.00759222;0.242082;0.0052223;0.00438385;0.00444113;0.0131617;0.0614058;1.30995;0.0170713;2.25114;0.0027081;0.000373373;0.00267631;2.84199;0.00460323;0.0828118;0.000142991;0.0792941;0.639434;0.00183935;0.00616686;1.03363e-05;0.0137027;0.000908431;0.00390898;0.0843373;0.0011539;0.814869;0.938904;5.06306;0.354344;0.667568;0.021919;0.187585;0.876648;0.000509537;0.0010088;0.00060721;0.128506;0.718379;2.63294;0.000147391;0.0146637;0.0037189;0.0140192;0.424015;0.00283342;0.027523;5.08226;0.00943845;0.0270209;1.12841e-05;0.000129231;0.00910792;0.0440704;0.0116503;0.153482;0.145601;0.0827585;0.00678519;0.00594662;4.95789;0.0122186;0.00316438;0.00700352;0.15253;0.032791;6.6502e-06;0.0339245;0.871946;9.83301
24;0.00106525;5.08533e-12;50.5672;0.0125333;0.2468;0.0140057;0.262348;2.11078e-13;9.83951e-14;59.7753;1.95718e-13;1.59489e-12;6.49698e-12;0.00342252;2.40828e-10;0.00711276;5.47013e-11;2.81577e-12;0.0857799;0.0086032;0.0102219;7.70279e-12;1.46626e-13;6.47282e-11;0.155889;0.00149874;0.00734894;0.0098071;8.13202e-05;0.00475787;0.116127;0.0445781;0.0178463;0.00629049;0.00140256;0.00019718;0.755101;3.15869;7.00847e-05;0.00116348;0.00151443;0.0130045;0.0011409;5.41125e-06;0.0083966;0.265107;0.00571569;0.00480082;0.00485805;0.0143323;0.067168;1.41943;0.0186991;2.46356;0.00293572;0.000408554;0.00289911;3.10772;0.00503683;0.0902593;0.000156719;0.0866534;0.682863;0.00201357;0.00679054;1.13049e-05;0.0149144;0.000992346;0.00423766;0.0927421;0.00126329;0.891213;1.02762;5.53662;0.386165;0.725408;0.0235378;0.203564;0.948787;0.000556551;0.00106699;0.000651316;0.140746;0.78615;2.87837;0.000153664;0.0160928;0.00406924;0.015335;0.464067;0.00304546;0.0301783;5.57182;0.0103312;0.0296277;1.21942e-05;0.000142799;0.0098399;0.04807;0.0126532;0.167759;0.158557;0.0903945;0.00742819;0.0065093;5.42598;0.0134355;0.00327414;0.0070655;0.166095;0.0358406;7.18142e-06;0.036634;0.935316;10.6095
25;0.00115115;5.49989e-12;54.6886;0.013529;0.266903;0.0151446;0.283718;2.28207e-13;1.06499e-13;51.5674;2.11601e-13;1.7175e-12;6.93713e-12;0.00370077;2.60454e-10;0.00768933;5.916e-11;3.04462e-12;0.0927665;0.00929833;0.011054;8.33047e-12;1.58575e-13;7.02478e-11;0.168586;0.00162587;0.00794427;0.0106058;8.79351e-05;0.0050939;0.125364;0.0481237;0.0193631;0.00678097;0.00151035;0.000213361;0.815818;3.41653;7.56e-05;0.00125994;0.00163792;0.0140633;0.00119442;5.8638e-06;0.00915232;0.286841;0.00618108;0.00519478;0.00525141;0.0154141;0.0725976;1.52093;0.0202343;2.6639;0.00315105;0.0004417;0.00310806;3.35789;0.00544582;0.0972587;0.000169683;0.0935823;0.72155;0.00217792;0.00738437;1.22202e-05;0.0160534;0.00107078;0.00454402;0.100748;0.00136537;0.963239;1.11132;5.98281;0.416037;0.779536;0.0250289;0.218412;1.01552;0.000600905;0.00111018;0.000693406;0.152269;0.850042;3.10972;0.000159936;0.0174469;0.00439948;0.0165756;0.502242;0.00325057;0.0326976;6.03604;0.0111775;0.0321007;1.3058e-05;0.000155684;0.0105249;0.0518288;0.0135925;0.181207;0.170706;0.0975776;0.00803482;0.00704015;5.86748;0.0145909;0.00338105;0.00708788;0.178839;0.0387118;7.68603e-06;0.0391699;0.995675;11.3471
26;0.00123003;5.88184e-12;58.486;0.0144427;0.285424;0.0161934;0.303406;2.43979e-13;1.13979e-13;44.0238;2.26225e-13;1.8302e-12;7.33434e-12;0.00395717;2.78536e-10;0.00821974;6.32677e-11;3.25542e-12;0.0992035;0.00993689;0.0118204;8.90875e-12;1.69582e-13;4.60365e-11;0.180284;0.0017449;0.0084942;0.011339;9.40292e-05;0.00540535;0.133882;0.0513771;0.020768;0.00722973;0.0016097;0.000228294;0.871723;3.65414;8.08056e-05;0.00134898;0.00175172;0.0150391;0.00124752;6.28371e-06;0.00984732;0.30688;0.00660982;0.00555854;0.00561385;0.0163812;0.0775954;1.61284;0.0216489;2.84844;0.00334999;0.000472202;0.00329888;3.58795;0.00582252;0.103682;0.000181643;0.099954;0.755177;0.00232938;0.00793595;1.30662e-05;0.0170997;0.00114245;0.00482295;0.108192;0.00145853;1.02958;1.18848;6.39337;0.443389;0.829033;0.026368;0.231885;1.0758;0.000641679;0.0011396;0.000732245;0.162865;0.908878;3.32271;0.000166224;0.0187011;0.00470352;0.0177178;0.53779;0.00344649;0.0350346;6.46643;0.0119616;0.0343946;1.38584e-05;0.000167654;0.0111493;0.0552776;0.0144511;0.193578;0.181827;0.104175;0.00859384;0.00752932;6.27419;0.015662;0.0034854;0.00709813;0.190534;0.041352;8.15396e-06;0.0414818;1.05179;12.031
27;0.00130092;6.22617e-12;61.9096;0.0152635;0.302121;0.0171385;0.321155;2.58188e-13;1.20741e-13;37.2354;2.39398e-13;1.93152e-12;7.6846e-12;0.0041883;2.94837e-10;0.00869717;6.69708e-11;3.44541e-12;0.105006;0.0105108;0.0125112;9.43004e-12;1.79505e-13;5.72986e-11;0.190831;0.0018541;0.00899128;0.0119978;9.95226e-05;0.00568765;0.14157;0.0542981;0.0220417;0.00763149;0.0016993;0.000241781;0.922045;3.86841;8.56111e-05;0.00142943;0.00185432;0.0159191;0.00129914;6.66471e-06;0.0104738;0.32496;0.0069963;0.0058874;0.00594061;0.0172174;0.0820971;1.69427;0.0229248;3.01477;0.00352982;0.000499667;0.00346863;3.79497;0.00616201;0.109448;0.000192441;0.105687;0.783776;0.00246593;0.00843663;1.38319e-05;0.0180406;0.00120654;0.00507145;0.114959;0.00154186;1.08939;1.25806;6.76298;0.467859;0.873327;0.0275428;0.243841;1.1291;0.000678264;0.00115768;0.000767127;0.172399;0.961893;3.51458;0.000172369;0.0198371;0.00497741;0.0187468;0.570207;0.00363152;0.0371586;6.85737;0.0126734;0.0364794;1.45837e-05;0.000178541;0.0117049;0.0583733;0.0152186;0.204714;0.191784;0.110103;0.00909791;0.00797041;6.64083;0.0166331;0.0035831;0.00710691;0.201039;0.0437278;8.57827e-06;0.0435389;1.1028;12.6512
28;0.00136337;6.53057e-12;64.9363;0.0159862;0.316882;0.0179734;0.336846;2.7074e-13;1.26735e-13;31.2424;2.51034e-13;2.02077e-12;7.98714e-12;0.00439262;3.09246e-10;0.00911857;7.02443e-11;3.61332e-12;0.110136;0.0110167;0.0131217;9.89083e-12;1.88277e-13;9.71768e-11;0.200154;0.00195245;0.00943187;0.0125784;0.000104378;0.0059385;0.148373;0.0568696;0.0231745;0.00798422;0.00177856;0.000253726;0.966427;4.05789;8.99601e-05;0.00150072;0.00194504;0.0166973;0.00134795;7.00353e-06;0.0110282;0.340958;0.0073379;0.00617911;0.00622947;0.0179168;0.0860735;1.76501;0.0240532;3.16179;0.0036892;0.000523917;0.00361605;3.97765;0.00646199;0.114522;0.000202002;0.110745;0.807639;0.00258667;0.0088822;1.45117e-05;0.0188706;0.00126278;0.00528851;0.120989;0.00161508;1.14227;1.31959;7.08924;0.489296;0.912198;0.0285522;0.254238;1.17528;0.000710377;0.00116727;0.000797756;0.180811;1.00874;3.68406;0.00017819;0.0208466;0.00521934;0.0196558;0.599228;0.00380454;0.0390543;7.20606;0.0133079;0.0383399;1.5228e-05;0.000188256;0.0121887;0.0610979;0.0158915;0.214543;0.200526;0.115325;0.00954362;0.00836042;6.96492;0.017496;0.00367029;0.00711667;0.210293;0.0458238;8.95544e-06;0.0453299;1.14826;13.2024
29;0.00141745;6.79502e-12;67.5662;0.0166115;0.329706;0.0186985;0.350478;2.81637e-13;1.31958e-13;26.0404;2.61134e-13;2.09803e-12;8.24396e-12;0.00457018;3.21763e-10;0.00948413;7.30882e-11;3.75915e-12;0.114593;0.0114549;0.0136521;1.02911e-11;1.95897e-13;2.85248e-11;0.208254;0.0020396;0.00981569;0.0130814;0.000108597;0.00615749;0.154291;0.0590944;0.0241647;0.00828866;0.00184747;0.000264123;1.00487;4.22255;9.38289e-05;0.00156281;0.00202387;0.0173736;0.00139294;7.29955e-06;0.0115105;0.35487;0.00763464;0.00643354;0.00648042;0.018483;0.0895257;1.82538;0.0250342;3.28951;0.00382802;0.000544959;0.00374137;4.1361;0.00672249;0.118909;0.000210322;0.115131;0.827235;0.00269159;0.00927154;1.51049e-05;0.0195904;0.00131128;0.00547483;0.126265;0.00167838;1.18821;1.37307;7.37227;0.507733;0.945718;0.0294039;0.263118;1.21458;0.000738023;0.00117102;0.000824143;0.188105;1.04942;3.83119;0.000183554;0.021728;0.00542936;0.0204448;0.624797;0.00396481;0.0407195;7.51215;0.0138646;0.0399741;1.57904e-05;0.000196775;0.012602;0.0634545;0.0164711;0.223071;0.20807;0.119846;0.00993095;0.00869935;7.24647;0.0182495;0.00374481;0.00712725;0.218305;0.0476414;9.28483e-06;0.04686;1.18803;13.6838
30;0.00146356;7.02134e-12;69.8169;0.0171444;0.34068;0.0193187;0.362143;2.90954e-13;1.36445e-13;21.5913;2.69769e-13;2.16391e-12;8.45875e-12;0.00472214;3.32475e-10;0.00979649;7.55219e-11;3.8839e-12;0.118407;0.0118288;0.0141058;1.06337e-11;2.02417e-13;1.11284e-10;0.215185;0.00211573;0.0101451;0.0135107;0.000112206;0.00634574;0.15936;0.0609904;0.0250172;0.00854755;0.00190648;0.000273038;1.03767;4.36352;9.72152e-05;0.00161607;0.00209135;0.0179524;0.00143352;7.5542e-06;0.0119238;0.366786;0.00788853;0.00665223;0.00669518;0.0189271;0.0924781;1.87611;0.0258744;3.39878;0.0039471;0.000562946;0.00384595;4.27147;0.0069453;0.122645;0.000217453;0.118876;0.843118;0.00278139;0.00960652;1.56147e-05;0.0202052;0.0013525;0.00563231;0.130811;0.00173237;1.22752;1.41885;7.61412;0.523337;0.97419;0.0301111;0.270582;1.24752;0.000761424;0.00117098;0.000846519;0.194336;1.08421;3.95701;0.000188382;0.022486;0.00560895;0.0211196;0.647017;0.00411133;0.0421627;7.77721;0.0143466;0.0413902;1.62737e-05;0.000204131;0.0129494;0.0654626;0.016963;0.230359;0.214482;0.1237;0.0102625;0.00898945;7.48741;0.0188975;0.00380621;0.0071377;0.225138;0.0491937;9.56807e-06;0.0481457;1.22231;14.0978
31;0.0015024;7.21251e-12;71.7183;0.0175927;0.34995;0.0198423;0.371998;2.98819e-13;1.40245e-13;17.8339;2.77057e-13;2.21931e-12;8.63599e-12;0.00485051;3.41523e-10;0.01006;7.75775e-11;3.98925e-12;0.121629;0.0121437;0.014489;1.0923e-11;2.07925e-13;9.84431e-12;0.221041;0.00218133;0.010424;0.0138726;0.000115255;0.00650548;0.163646;0.0625854;0.0257418;0.00876492;0.00195635;0.000280583;1.06527;4.48263;0.000100138;0.00166117;0.00214836;0.0184415;0.00146938;7.77039e-06;0.0122733;0.376861;0.00810296;0.00683787;0.00687659;0.0192653;0.0949709;1.91819;0.0265845;3.49108;0.00404793;0.000578121;0.0039319;4.38565;0.00713341;0.125783;0.000223487;0.122033;0.855855;0.00285725;0.00989109;1.60471e-05;0.0207237;0.00138709;0.00576363;0.134674;0.00177785;1.26072;1.45754;7.81812;0.536367;0.99806;0.0306901;0.276774;1.27476;0.000780953;0.00116852;0.000865224;0.199591;1.1136;4.06323;0.000192638;0.0231294;0.00576053;0.021689;0.6661;0.00424357;0.0433988;8.00411;0.0147592;0.0426031;1.66838e-05;0.000210404;0.0132373;0.0671519;0.0173753;0.236507;0.219865;0.126946;0.0105426;0.00923458;7.69094;0.0194474;0.00385515;0.00714665;0.23089;0.0505023;9.80848e-06;0.0492111;1.25146;14.4491
32;0.00153474;7.37223e-12;73.307;0.0179658;0.357695;0.0202795;0.380231;3.05385e-13;1.4343e-13;14.6947;2.83141e-13;2.26541e-12;8.78084e-12;0.00495778;3.49082e-10;0.0102798;7.9295e-11;4.07723e-12;0.124321;0.0124061;0.0148091;1.11647e-11;2.12526e-13;9.56327e-11;0.225933;0.00223721;0.0106577;0.0141745;0.000117802;0.0066395;0.167231;0.0639125;0.026351;0.00894552;0.00199805;0.000286899;1.08825;4.58219;0.000102632;0.00169895;0.002196;0.0188503;0.00150059;7.95187e-06;0.0125656;0.385288;0.00828209;0.00699378;0.00702816;0.0195154;0.0970527;1.9527;0.0271783;3.56819;0.00413235;0.000590786;0.00400165;4.48092;0.00729048;0.128391;0.000228537;0.124666;0.865986;0.00292065;0.0101301;1.64096e-05;0.0211562;0.0014158;0.00587192;0.13792;0.00181575;1.28846;1.48988;7.98834;0.547125;1.01786;0.031159;0.281854;1.29703;0.00079706;0.0011648;0.000880693;0.203974;1.13814;4.15191;0.000196331;0.0236695;0.00588708;0.0221645;0.682327;0.00436143;0.0444475;8.19645;0.0151089;0.0436319;1.70278e-05;0.000215691;0.0134733;0.068558;0.0177171;0.241638;0.224335;0.129649;0.0107767;0.00943943;7.861;0.0199087;0.00389318;0.00715403;0.23568;0.0515935;1.00102e-05;0.0500844;1.27596;14.744
33;0.00156143;7.50445e-12;74.6224;0.0182733;0.364107;0.0206414;0.387047;3.10817e-13;1.46073e-13;12.0955;2.88173e-13;2.30343e-12;8.89831e-12;0.00504658;3.55339e-10;0.0104615;8.07167e-11;4.15005e-12;0.126549;0.0126228;0.0150741;1.13648e-11;2.16335e-13;9.7482e-11;0.229983;0.00228435;0.0108516;0.0144241;0.00011991;0.00675088;0.1702;0.0650068;0.0268582;0.00909428;0.00203257;0.000292136;1.1072;4.66463;0.000104736;0.0017303;0.00223545;0.0191887;0.00152739;8.10275e-06;0.0128075;0.39227;0.00843034;0.00712353;0.00715364;0.0196952;0.0987756;1.98076;0.0276702;3.63203;0.00420239;0.00060126;0.00405769;4.55969;0.00742045;0.130537;0.000232723;0.126841;0.873993;0.00297314;0.010329;1.67107e-05;0.0215136;0.00143942;0.0059604;0.140621;0.00184707;1.31143;1.51666;8.12908;0.555927;1.03412;0.0315353;0.285983;1.31507;0.000810218;0.00116052;0.000893372;0.207597;1.15845;4.22527;0.000199491;0.0241187;0.00599177;0.0225578;0.696007;0.00446512;0.0453296;8.35815;0.0154029;0.0444974;1.73136e-05;0.000220105;0.0136651;0.0697179;0.0179981;0.245882;0.228014;0.13188;0.0109705;0.00960907;8.00178;0.0202921;0.00392208;0.00715989;0.239632;0.0524951;1.01779e-05;0.0507938;1.29637;14.9891
34;0.0015833;7.61308e-12;75.703;0.0185253;0.369375;0.0209385;0.392646;3.15276e-13;1.48259e-13;9.95941;2.92301e-13;2.33461e-12;8.99343e-12;0.00511957;3.6048e-10;0.0106106;8.18847e-11;4.20985e-12;0.12838;0.0128004;0.0152917;1.15292e-11;2.19464e-13;5.75173e-12;0.23331;0.00232387;0.0110114;0.0146288;0.000121642;0.00684265;0.172641;0.0659028;0.0272766;0.00921601;0.00206094;0.000296445;1.12272;4.73238;0.000106496;0.0017561;0.00226787;0.0194668;0.00155018;8.22716e-06;0.0130062;0.39801;0.00855212;0.00723067;0.00725676;0.0198211;0.10019;2.00341;0.0280747;3.68446;0.00426003;0.000609857;0.00410237;4.62433;0.00752719;0.132292;0.000236166;0.128625;0.880293;0.00301627;0.0104928;1.69586e-05;0.0218067;0.00145871;0.00603228;0.14285;0.00187279;1.33029;1.53867;8.24457;0.563076;1.0474;0.0318363;0.289317;1.32959;0.000820881;0.00115645;0.000903714;0.21057;1.17513;4.28551;0.000202171;0.0244889;0.00607774;0.0228808;0.707455;0.00455523;0.0460665;8.49312;0.0156486;0.0452202;1.75491e-05;0.00022375;0.0138201;0.0706677;0.0182275;0.249365;0.231022;0.133707;0.0111298;0.00974845;8.11744;0.020609;0.00394376;0.00716532;0.242872;0.0532346;1.03162e-05;0.0513669;1.31321;15.1911
35;0.0016011;7.70175e-12;76.5853;0.0187301;0.373675;0.021181;0.397217;3.18914e-13;1.50043e-13;8.21486;2.9567e-13;2.35993e-12;9.06955e-12;0.00517912;3.64676e-10;0.0107322;8.28381e-11;4.25865e-12;0.129874;0.012945;0.0154694;1.16633e-11;2.22018e-13;1.0031e-10;0.236027;0.00235659;0.0111421;0.0147959;0.000123055;0.00691785;0.174635;0.0666314;0.0276201;0.00931493;0.00208409;0.000299969;1.13535;4.7877;0.000107955;0.00177721;0.00229433;0.0196939;0.00156929;8.32911e-06;0.0131684;0.4027;0.00865151;0.0073186;0.00734094;0.0199067;0.101345;2.02159;0.0284051;3.72727;0.00430716;0.000616868;0.0041378;4.67705;0.00761426;0.133715;0.000238981;0.130078;0.885236;0.00305148;0.0106272;1.71615e-05;0.0220456;0.00147437;0.00609012;0.144677;0.00189374;1.34569;1.55664;8.33875;0.568849;1.05816;0.0320741;0.291994;1.3412;0.000829478;0.00115233;0.000912067;0.212994;1.18874;4.33466;0.000204412;0.0247922;0.00614787;0.0231442;0.716971;0.00463248;0.0466779;8.60507;0.0158524;0.04582;1.7742e-05;0.000226752;0.0139443;0.0714408;0.0184136;0.252206;0.233466;0.135196;0.0112598;0.00986227;8.21185;0.0208682;0.00395961;0.00716881;0.245506;0.0538371;1.04294e-05;0.0518263;1.32703;15.3567
36;0.00161553;7.77376e-12;77.3017;0.0188959;0.377167;0.0213778;0.400929;3.21866e-13;1.51494e-13;6.79736;2.98405e-13;2.38042e-12;9.13039e-12;0.0052275;3.68083e-10;0.0108309;8.36122e-11;4.29828e-12;0.131088;0.0130622;0.0156136;1.17723e-11;2.24092e-13;1.01339e-10;0.238232;0.00238352;0.0112484;0.0149315;0.000124203;0.00697911;0.176254;0.0672211;0.0279005;0.00939495;0.0021029;0.000302834;1.14557;4.83263;0.000109157;0.00179439;0.00231583;0.0198783;0.0015852;8.41216e-06;0.0132999;0.406511;0.0087322;0.00739036;0.00740931;0.0199633;0.102283;2.03613;0.0286734;3.76203;0.00434551;0.000622556;0.0041658;4.71982;0.00768493;0.134864;0.000241269;0.131256;0.889106;0.00308008;0.0107369;1.73266e-05;0.0222392;0.00148703;0.00613652;0.146166;0.00191072;1.35819;1.57124;8.41517;0.573491;1.06685;0.0322618;0.294136;1.35045;0.000836377;0.00114852;0.000918792;0.21496;1.19979;4.37455;0.000206272;0.0250395;0.00620478;0.0233581;0.724833;0.004698;0.0471825;8.69741;0.0160205;0.0463149;1.78991e-05;0.000229206;0.0140436;0.072067;0.018564;0.254511;0.235442;0.136402;0.0113654;0.00995471;8.28853;0.0210792;0.00397108;0.00717124;0.24764;0.0543255;1.05217e-05;0.0521936;1.33831;15.4916
37;0.00162717;7.83198e-12;77.8811;0.0190296;0.379991;0.0215369;0.403931;3.24252e-13;1.52669e-13;5.65046;3.00615e-13;2.39695e-12;9.17896e-12;0.00526656;3.70838e-10;0.0109105;8.42382e-11;4.33031e-12;0.132069;0.0131568;0.0157302;1.18604e-11;2.25769e-13;1.02177e-10;0.240016;0.00240559;0.0113345;0.0150411;0.000125131;0.00702876;0.177564;0.0676966;0.0281281;0.00945946;0.00211811;0.000305153;1.15382;4.86898;0.000110142;0.00180831;0.00233322;0.0200274;0.00159835;8.47953e-06;0.0134061;0.409595;0.00879745;0.00744867;0.0074646;0.0199995;0.103041;2.04771;0.0288906;3.79013;0.00437656;0.000627152;0.00418787;4.75439;0.00774206;0.135789;0.000243121;0.132207;0.892136;0.00310321;0.010826;1.74604e-05;0.0223956;0.00149722;0.00617364;0.147374;0.00192443;1.3683;1.58305;8.47691;0.57721;1.07384;0.0324099;0.295844;1.35781;0.000841894;0.00114515;0.000924188;0.216549;1.20873;4.4068;0.000207805;0.02524;0.00625079;0.0235309;0.731296;0.0047532;0.0475968;8.77319;0.0161586;0.0467213;1.80265e-05;0.000231201;0.0141229;0.0725723;0.018685;0.256374;0.237034;0.137375;0.0114508;0.0100295;8.35054;0.0212504;0.0039793;0.00717298;0.24936;0.0547199;1.05966e-05;0.0524866;1.34746;15.6009
38;0.00163653;7.8789e-12;78.3481;0.0191371;0.382266;0.0216651;0.40635;3.26174e-13;1.53619e-13;4.7257;3.02394e-13;2.41024e-12;9.21773e-12;0.00529815;3.73058e-10;0.0109747;8.47427e-11;4.35611e-12;0.13286;0.0132329;0.0158242;1.19314e-11;2.2712e-13;6.51558e-13;0.241453;0.00242358;0.011404;0.0151294;0.000125879;0.00706887;0.17862;0.0680788;0.0283121;0.0095113;0.00213036;0.000307024;1.16045;4.89827;0.000110943;0.00181953;0.00234723;0.0201476;0.00160914;8.53393e-06;0.0134917;0.412082;0.00885001;0.00749585;0.00750917;0.0200217;0.103652;2.05693;0.0290656;3.81278;0.00440161;0.000630853;0.00420524;4.78223;0.00778808;0.136531;0.000244615;0.132973;0.894508;0.00312184;0.0108979;1.75684e-05;0.0225214;0.00150541;0.00620325;0.148349;0.00193547;1.37645;1.59256;8.52663;0.580183;1.07945;0.0325266;0.297204;1.36364;0.000846296;0.00114225;0.000928512;0.217828;1.21593;4.43277;0.000209062;0.025402;0.00628785;0.0236701;0.736582;0.00479912;0.0479353;8.83509;0.0162714;0.0470533;1.81293e-05;0.000232816;0.0141861;0.0729787;0.0187821;0.257875;0.238313;0.138159;0.0115197;0.0100897;8.40051;0.0213887;0.00398518;0.00717431;0.250744;0.0550373;1.0657e-05;0.05272;1.35486;15.6893
39;0.00164405;7.91661e-12;78.7233;0.0192234;0.384095;0.0217681;0.408294;3.27718e-13;1.54386e-13;3.98218;3.03822e-13;2.42091e-12;9.24873e-12;0.00532348;3.74842e-10;0.0110262;8.5148e-11;4.37685e-12;0.133496;0.013294;0.0158997;1.19884e-11;2.28206e-13;1.03418e-10;0.242608;0.00243822;0.0114599;0.0152003;0.00012648;0.00710114;0.179469;0.0683853;0.0284602;0.00955291;0.0021402;0.000308529;1.16577;4.92181;0.000111594;0.00182857;0.0023585;0.0202442;0.00161797;8.57774e-06;0.0135603;0.414081;0.00889225;0.00753391;0.007545;0.0200347;0.104143;2.06425;0.0292064;3.83098;0.00442176;0.000633827;0.00421892;4.80459;0.00782506;0.137126;0.000245817;0.133587;0.896367;0.00313682;0.0109557;1.76552e-05;0.0226224;0.00151196;0.00622689;0.149135;0.00194433;1.383;1.60021;8.56656;0.582556;1.08394;0.0326189;0.298285;1.36827;0.000849802;0.00113987;0.000931975;0.218855;1.22172;4.45364;0.000210089;0.0255323;0.00631762;0.023782;0.740887;0.00483716;0.0482109;8.88545;0.0163634;0.0473236;1.82121e-05;0.000234116;0.0142364;0.0733047;0.0188599;0.25908;0.239338;0.138787;0.011575;0.0101382;8.44066;0.0215003;0.0039894;0.00717555;0.251855;0.0552922;1.07056e-05;0.0529059;1.36082;15.7604
40;0.00165006;7.94684e-12;79.0241;0.0192923;0.385561;0.0218507;0.409852;3.28956e-13;1.55001e-13;3.38577;3.04968e-13;2.42945e-12;9.27342e-12;0.00534376;3.76272e-10;0.0110675;8.5473e-11;4.39347e-12;0.134005;0.013343;0.0159602;1.20341e-11;2.29076e-13;7.56756e-12;0.243534;0.00245003;0.0115048;0.0152571;0.000126962;0.00712706;0.180149;0.0686306;0.0285793;0.0095862;0.00214809;0.000309736;1.17003;4.94069;0.000112119;0.00183581;0.00236753;0.0203216;0.00162514;8.61291e-06;0.0136152;0.415685;0.00892612;0.00756451;0.00757373;0.0200418;0.104537;2.07007;0.0293192;3.84558;0.00443792;0.000636209;0.00422969;4.82251;0.00785469;0.137601;0.00024678;0.13408;0.897825;0.00314883;0.0110022;1.77248e-05;0.0227033;0.00151719;0.00624569;0.149767;0.00195144;1.38826;1.60634;8.59856;0.584447;1.08753;0.0326917;0.299144;1.37193;0.000852591;0.00113788;0.000934739;0.219678;1.22636;4.47037;0.000210921;0.0256373;0.00634148;0.0238717;0.744379;0.00486836;0.0484342;8.92627;0.0164379;0.0475427;1.82786e-05;0.000235162;0.0142763;0.0735657;0.0189221;0.260045;0.240158;0.13929;0.0116194;0.010177;8.47286;0.0215898;0.0039924;0.00717651;0.252744;0.0554963;1.07447e-05;0.0530536;1.36561;15.8174
41;0.00165487;7.97103e-12;79.2649;0.0193474;0.386734;0.0219167;0.411099;3.29946e-13;1.55492e-13;2.90826;3.05884e-13;2.43626e-12;9.29293e-12;0.00536006;3.77416e-10;0.0111005;8.57331e-11;4.40677e-12;0.134413;0.0133821;0.0160086;1.20707e-11;2.29773e-13;5.79881e-11;0.244275;0.00245954;0.0115408;0.0153026;0.000127347;0.00714785;0.180694;0.0688265;0.0286749;0.00961277;0.00215441;0.000310703;1.17343;4.9558;0.000112542;0.00184162;0.00237476;0.0203836;0.00163093;8.64112e-06;0.0136592;0.416968;0.00895321;0.00758909;0.00759672;0.0200451;0.104852;2.07468;0.0294096;3.85725;0.00445088;0.000638115;0.00423817;4.83684;0.0078784;0.137979;0.000247552;0.134473;0.89897;0.00315844;0.0110395;1.77806e-05;0.0227679;0.00152137;0.00626058;0.150273;0.0019571;1.39245;1.61126;8.62416;0.585952;1.09039;0.0327486;0.299826;1.37484;0.000854809;0.00113614;0.000936935;0.220337;1.23007;4.48374;0.000211592;0.0257213;0.00636057;0.0239434;0.747201;0.00489382;0.0486147;8.95924;0.0164981;0.0477196;1.83319e-05;0.000236004;0.014308;0.0737744;0.0189717;0.260818;0.240812;0.139693;0.0116549;0.0102081;8.49862;0.0216615;0.00399451;0.00717696;0.253454;0.0556594;1.0776e-05;0.0531706;1.36946;15.8633
42;0.00165871;7.99037e-12;79.4573;0.0193915;0.387671;0.0219695;0.412096;3.30736e-13;1.55891e-13;2.52654;3.06614e-13;2.44175e-12;9.30879e-12;0.00537304;3.78331e-10;0.0111269;8.59409e-11;4.41739e-12;0.134739;0.0134133;0.0160473;1.21e-11;2.30329e-13;3.86581e-12;0.244868;0.00246727;0.0115696;0.015339;0.000127655;0.00716442;0.181129;0.0689832;0.0287511;0.00963405;0.00215944;0.000311475;1.17615;4.96787;0.000112882;0.00184626;0.00238054;0.0204331;0.00163564;8.66367e-06;0.0136943;0.417994;0.00897487;0.00760876;0.00761511;0.0200462;0.105103;2.07835;0.0294819;3.86658;0.00446121;0.000639638;0.00424486;4.84829;0.00789736;0.138283;0.000248168;0.134787;0.899872;0.00316613;0.0110691;1.78252e-05;0.0228196;0.00152471;0.00627254;0.150678;0.00196165;1.39581;1.61518;8.64461;0.587149;1.09267;0.0327946;0.300367;1.37714;0.00085657;0.00113492;0.000938702;0.220863;1.23303;4.49444;0.000212137;0.0257883;0.00637583;0.0240008;0.749477;0.00491462;0.0487602;8.98581;0.0165468;0.0478623;1.83744e-05;0.000236671;0.0143334;0.0739409;0.0190113;0.261435;0.241335;0.140014;0.0116832;0.0102329;8.51921;0.0217194;0.0039961;0.00717796;0.254023;0.0557899;1.0801e-05;0.0532644;1.37252;15.8998
43;0.00166177;8.00578e-12;79.6108;0.0194263;0.388419;0.0220116;0.412891;3.31367e-13;1.56196e-13;2.22178;3.07202e-13;2.44601e-12;9.32068e-12;0.00536954;3.7906e-10;0.0111479;8.61066e-11;4.42587e-12;0.134999;0.0134382;0.0160782;1.21233e-11;2.30773e-13;2.29989e-12;0.24534;0.00247326;0.0115925;0.015368;0.000127901;0.00717777;0.181477;0.0691073;0.0288128;0.00965086;0.00216348;0.000312094;1.17831;4.97751;0.000113155;0.00184998;0.00238514;0.0204726;0.00163935;8.68173e-06;0.0137223;0.418814;0.00899212;0.00762452;0.00762974;0.0200459;0.105304;2.08125;0.0295393;3.87403;0.0044695;0.000640851;0.00425014;4.85743;0.00791244;0.138521;0.000248661;0.135038;0.900581;0.00317225;0.0110934;1.7861e-05;0.0228607;0.00152737;0.00628179;0.151001;0.00196523;1.39849;1.61832;8.66092;0.588101;1.09449;0.0328287;0.300797;1.37896;0.000857974;0.00113348;0.000940067;0.221282;1.2354;4.50296;0.000212566;0.0258422;0.00638799;0.0240464;0.751305;0.0049313;0.0488769;9.00715;0.0165856;0.0479768;1.84086e-05;0.00023722;0.0143531;0.0740738;0.0190428;0.261928;0.241751;0.140271;0.0117059;0.0102528;8.53564;0.0217644;0.00399704;0.00717729;0.254471;0.0558936;1.08212e-05;0.0533373;1.375;15.9292
44;0.00166421;8.01808e-12;79.7332;0.0194543;0.389016;0.0220451;0.413525;3.3187e-13;1.56447e-13;1.9787;3.07667e-13;2.44947e-12;9.33055e-12;0.00539168;3.79642e-10;0.0111647;8.62389e-11;4.43263e-12;0.135206;0.013458;0.0161028;1.21419e-11;2.31127e-13;6.248e-11;0.245717;0.00247818;0.0116108;0.0153912;0.000128097;0.00718836;0.181753;0.0692066;0.0288616;0.00966434;0.00216668;0.000312586;1.18004;4.9852;0.000113373;0.00185294;0.00238882;0.0205042;0.00164237;8.69611e-06;0.0137446;0.419467;0.0090059;0.00763709;0.00764144;0.0200451;0.105464;2.08355;0.0295853;3.87997;0.00447609;0.000641819;0.00425431;4.86471;0.00792449;0.138712;0.000249054;0.135237;0.901141;0.00317714;0.0111125;1.78894e-05;0.0228935;0.00152948;0.00628926;0.151259;0.00196811;1.40062;1.62081;8.67392;0.588858;1.09593;0.0328568;0.301139;1.3804;0.000859086;0.00113257;0.000941179;0.221617;1.23729;4.50976;0.000212915;0.0258851;0.00639769;0.0240829;0.752772;0.0049448;0.0489706;9.02426;0.0166169;0.0480687;1.84357e-05;0.000237649;0.014369;0.0741796;0.0190679;0.262321;0.242082;0.140475;0.0117239;0.0102686;8.54874;0.0218011;0.00399785;0.00717761;0.254831;0.0559764;1.08371e-05;0.0533959;1.37696;15.9525
45;0.00166616;8.02787e-12;79.8307;0.0194765;0.389491;0.0220719;0.41403;3.32271e-13;1.56646e-13;1.78499;3.08039e-13;2.45221e-12;9.33829e-12;0.00539827;3.80106e-10;0.0111781;8.63442e-11;4.43802e-12;0.135371;0.0134739;0.0161224;1.21567e-11;2.31409e-13;1.05046e-10;0.246017;0.00248208;0.0116254;0.0154096;0.000128253;0.00719682;0.181974;0.0692855;0.0289006;0.00967506;0.00216924;0.000312978;1.18141;4.99132;0.000113547;0.0018553;0.00239175;0.0205293;0.00164478;8.70759e-06;0.0137623;0.419988;0.00901687;0.00764712;0.00765075;0.0200439;0.105592;2.08538;0.0296219;3.8847;0.00448136;0.00064259;0.00425761;4.87052;0.00793409;0.138864;0.000249367;0.135396;0.901583;0.00318104;0.0111277;1.79121e-05;0.0229196;0.00153116;0.00629517;0.151465;0.0019704;1.40232;1.6228;8.68428;0.58946;1.09708;0.0328789;0.30141;1.38155;0.00085997;0.00113178;0.000942057;0.221883;1.23879;4.51518;0.000213193;0.0259193;0.00640542;0.024112;0.753947;0.00495566;0.0490456;9.03796;0.016642;0.0481423;1.84574e-05;0.000237993;0.0143816;0.0742639;0.0190878;0.262634;0.242346;0.140637;0.0117383;0.0102812;8.55918;0.0218301;0.00399841;0.00717764;0.255117;0.0560423;1.08499e-05;0.0534424;1.37852;15.9712
46;0.0016677;8.03568e-12;79.9084;0.0194942;0.389869;0.0220932;0.414432;3.3259e-13;1.56805e-13;1.63071;3.08334e-13;2.4544e-12;9.34447e-12;0.00540351;3.80475e-10;0.0111887;8.64281e-11;4.44231e-12;0.135503;0.0134864;0.0161381;1.21685e-11;2.31634e-13;1.05162e-10;0.246256;0.00248521;0.0116371;0.0154243;0.000128377;0.00720355;0.18215;0.0693484;0.0289317;0.00968359;0.00217127;0.000313291;1.1825;4.9962;0.000113687;0.00185718;0.00239408;0.0205493;0.00164671;8.71674e-06;0.0137765;0.420402;0.00902561;0.00765512;0.00765817;0.0200427;0.105694;2.08683;0.029651;3.88847;0.00448554;0.000643204;0.00426022;4.87514;0.00794173;0.138985;0.000249617;0.135523;0.901933;0.00318414;0.0111398;1.79301e-05;0.0229404;0.0015325;0.00629988;0.151628;0.00197222;1.40368;1.62438;8.69253;0.589938;1.098;0.0328964;0.301625;1.38246;0.000860672;0.00113115;0.000942755;0.222096;1.23999;4.51949;0.000213416;0.0259464;0.00641157;0.0241351;0.754886;0.00496442;0.0491056;9.04891;0.016662;0.0482011;1.84747e-05;0.000238267;0.0143916;0.074331;0.0191037;0.262883;0.242556;0.140767;0.0117498;0.0102912;8.56749;0.0218534;0.00399882;0.0071777;0.255345;0.0560948;1.086e-05;0.0534794;1.37977;15.986
47;0.00166893;8.04189e-12;79.9702;0.0195081;0.390171;0.0221101;0.414753;3.32844e-13;1.56932e-13;1.5079;3.08569e-13;2.45614e-12;9.34946e-12;0.0055073;3.80769e-10;0.0111972;8.64949e-11;4.44572e-12;0.135607;0.0134964;0.0161505;1.21779e-11;2.31813e-13;5.94155e-13;0.246446;0.00248772;0.0116463;0.015436;0.000128476;0.0072089;0.18229;0.0693985;0.0289563;0.00969039;0.00217289;0.000313539;1.18337;5.00008;0.000113797;0.00185868;0.00239594;0.0205652;0.00164825;8.724e-06;0.0137877;0.420732;0.00903256;0.00766149;0.00766408;0.0200416;0.105774;2.08798;0.0296742;3.89146;0.00448887;0.000643693;0.00426229;4.87881;0.00794781;0.139081;0.000249815;0.135624;0.902209;0.0031866;0.0111495;1.79445e-05;0.0229569;0.00153357;0.00630364;0.151759;0.00197368;1.40477;1.62554;8.69909;0.590318;1.09873;0.0329105;0.301796;1.38318;0.000861229;0.0011307;0.000943316;0.222264;1.24094;4.52293;0.000213594;0.0259684;0.00641647;0.0241535;0.755636;0.00497138;0.0491535;9.05766;0.016678;0.0482481;1.84884e-05;0.000238484;0.0143996;0.0743844;0.0191164;0.263081;0.242723;0.14087;0.0117589;0.0102992;8.57411;0.0218719;0.00399915;0.00717793;0.255527;0.0561366;1.08681e-05;0.0535089;1.38076;15.9978
48;0.00166991;8.04685e-12;80.0195;0.0195197;0.390411;0.0221236;0.415008;3.33046e-13;1.57043e-13;1.4102;3.08752e-13;2.45761e-12;9.35389e-12;0.00541096;3.81003e-10;0.0112039;8.65481e-11;4.44843e-12;0.135691;0.0135044;0.0161604;1.21854e-11;2.31956e-13;1.30163e-10;0.246598;0.00248986;0.0116537;0.0154452;0.000128555;0.00721308;0.182401;0.0694389;0.0289754;0.0096959;0.00217417;0.000313736;1.18406;5.00316;0.000113886;0.00185985;0.00239742;0.0205779;0.00164953;8.72976e-06;0.0137966;0.420994;0.00903811;0.00766654;0.00766882;0.0200407;0.105838;2.0889;0.0296929;3.89385;0.0044915;0.000644084;0.00426392;4.88174;0.00795269;0.13916;0.000249972;0.135704;0.902429;0.00318857;0.0111566;1.79557e-05;0.0229702;0.00153441;0.00630682;0.151864;0.00197486;1.40563;1.62664;8.70432;0.59062;1.09931;0.0329233;0.301931;1.38375;0.000861668;0.00113061;0.000943787;0.222399;1.2417;4.52566;0.000213742;0.0259852;0.00642038;0.0241682;0.756235;0.00497707;0.0491918;9.06464;0.016691;0.0482857;1.84991e-05;0.000238648;0.0144062;0.0744268;0.0191264;0.263238;0.242856;0.140952;0.0117661;0.0103055;8.57937;0.0218875;0.00399953;0.007179;0.255676;0.0561701;1.08744e-05;0.0535335;1.38153;16.007
49;0.00167069;8.05076e-12;80.0585;0.0195284;0.390601;0.0221343;0.41521;3.33207e-13;1.57116e-13;1.33248;3.08903e-13;2.45864e-12;9.35658e-12;0.00541364;3.81188e-10;0.0112093;8.65902e-11;4.45059e-12;0.135757;0.0135107;0.0161683;1.21913e-11;2.32068e-13;9.30538e-11;0.246718;0.00249133;0.0116596;0.0154526;0.000128618;0.00721654;0.182489;0.06947;0.0289915;0.00970011;0.0021752;0.000313895;1.18461;5.00562;0.000113956;0.00186081;0.00239859;0.0205879;0.00165047;8.7344e-06;0.0138038;0.421203;0.0090425;0.00767059;0.00767252;0.0200397;0.10589;2.08963;0.0297075;3.89575;0.00449363;0.000644391;0.00426522;4.88406;0.00795651;0.139219;0.000250098;0.135768;0.902602;0.00319013;0.0111631;1.7965e-05;0.0229806;0.00153509;0.006309;0.151946;0.00197575;1.4063;1.62745;8.70846;0.590859;1.09977;0.0329305;0.302039;1.3842;0.000862022;0.00113003;0.000944115;0.222506;1.2423;4.52783;0.00021385;0.025999;0.00642347;0.0241798;0.756711;0.00498145;0.0492221;9.07019;0.016701;0.0483154;1.8508e-05;0.000238794;0.014411;0.0744606;0.0191344;0.263364;0.242962;0.141017;0.0117719;0.0103106;8.58356;0.0218985;0.00399959;0.00717822;0.255787;0.0561963;1.08796e-05;0.0535509;1.38218;16.0146
50;0.00167131;8.05388e-12;80.0896;0.0195353;0.390752;0.0221429;0.415371;3.33335e-13;1.57178e-13;1.27068;3.09022e-13;2.45951e-12;9.35906e-12;0.00541574;3.81336e-10;0.0112135;8.66238e-11;4.45231e-12;0.135809;0.0135158;0.0161745;1.21961e-11;2.32158e-13;1.05438e-10;0.246814;0.00249257;0.0116642;0.0154585;0.000128668;0.00721925;0.18256;0.0694951;0.0290039;0.00970352;0.00217602;0.00031402;1.18505;5.00757;0.000114012;0.00186156;0.00239952;0.0205959;0.00165125;8.73806e-06;0.0138094;0.421369;0.009046;0.0076738;0.0076755;0.0200389;0.10593;2.0902;0.0297191;3.89725;0.00449531;0.000644636;0.00426625;4.88591;0.00795956;0.139267;0.000250198;0.135818;0.902739;0.00319137;0.011168;1.79722e-05;0.0229889;0.00153562;0.00631087;0.152012;0.00197648;1.40684;1.62808;8.71177;0.59105;1.10013;0.0329375;0.302124;1.38456;0.000862302;0.0011298;0.000944395;0.222591;1.24278;4.52956;0.00021394;0.0260103;0.00642593;0.0241891;0.75709;0.00498501;0.0492464;9.07461;0.0167091;0.0483392;1.85149e-05;0.000238904;0.014415;0.0744874;0.0191408;0.263463;0.243045;0.141069;0.0117765;0.0103146;8.58688;0.0219077;0.00399973;0.00717829;0.255878;0.0562173;1.08837e-05;0.0535657;1.38268;16.0206
51;0.00167179;8.05638e-12;80.1144;0.0195413;0.390873;0.0221497;0.415499;3.33436e-13;1.57236e-13;1.22155;3.09113e-13;2.46027e-12;9.36134e-12;0.00541739;3.81454e-10;0.0112169;8.66506e-11;4.45367e-12;0.135851;0.0135198;0.0161795;1.21998e-11;2.3223e-13;1.23608e-10;0.24689;0.00249369;0.0116679;0.0154632;0.000128707;0.00722133;0.182615;0.0695155;0.0290135;0.0097063;0.00217666;0.000314119;1.1854;5.00912;0.000114057;0.00186215;0.00240027;0.0206023;0.0016519;8.74095e-06;0.0138139;0.421501;0.00904879;0.00767634;0.00767788;0.0200384;0.105963;2.09066;0.0297285;3.89845;0.00449662;0.000644833;0.00426706;4.88738;0.00796202;0.139307;0.000250277;0.135859;0.902848;0.00319236;0.0111715;1.79778e-05;0.0229956;0.00153605;0.0063125;0.152064;0.00197708;1.40727;1.62859;8.71439;0.591202;1.10042;0.0329441;0.302192;1.38485;0.000862521;0.00112977;0.000944633;0.222658;1.24316;4.53093;0.000214015;0.0260184;0.0064279;0.0241965;0.757393;0.00498793;0.0492658;9.07814;0.0167157;0.0483582;1.85203e-05;0.000238985;0.0144184;0.0745087;0.0191458;0.263542;0.243112;0.14111;0.0117801;0.0103178;8.58953;0.0219158;0.00399992;0.00717893;0.255954;0.0562342;1.08868e-05;0.0535782;1.38306;16.0252
52;0.00167219;8.05835e-12;80.134;0.0195456;0.390969;0.022155;0.415601;3.33517e-13;1.57273e-13;1.1825;3.09189e-13;2.46079e-12;9.36275e-12;0.00541872;3.81547e-10;0.0112196;8.66718e-11;4.45476e-12;0.135885;0.0135229;0.0161834;1.22028e-11;2.32287e-13;1.05519e-10;0.24695;0.00249443;0.0116709;0.0154669;0.000128739;0.00722306;0.18266;0.0695312;0.0290215;0.00970842;0.00217718;0.000314198;1.18567;5.01036;0.000114092;0.00186263;0.00240086;0.0206073;0.00165238;8.74328e-06;0.0138175;0.421606;0.00905099;0.00767838;0.00767975;0.0200378;0.105988;2.09102;0.0297358;3.89941;0.00449769;0.000644988;0.00426771;4.88855;0.00796394;0.139337;0.000250341;0.135891;0.902935;0.00319314;0.0111747;1.79825e-05;0.0230008;0.00153639;0.00631362;0.152106;0.00197754;1.40762;1.62898;8.71648;0.591322;1.10066;0.032948;0.302246;1.38508;0.000862699;0.00112953;0.000944802;0.222712;1.24346;4.53202;0.00021407;0.0260256;0.00642945;0.0242023;0.757633;0.00499014;0.0492811;9.08094;0.0167208;0.0483732;1.85247e-05;0.000239057;0.0144208;0.0745257;0.0191498;0.263605;0.243165;0.141143;0.011783;0.0103203;8.59163;0.0219214;0.00399996;0.00717867;0.25601;0.0562474;1.08894e-05;0.0535871;1.38339;16.029
53;0.0016725;8.05991e-12;80.1496;0.019549;0.391045;0.0221593;0.415682;3.33581e-13;1.573e-13;1.15146;3.09251e-13;2.46119e-12;9.36374e-12;0.00525278;3.81621e-10;0.0112217;8.66886e-11;4.45562e-12;0.135911;0.0135255;0.0161866;1.22052e-11;2.32332e-13;1.85707e-12;0.246998;0.00249499;0.0116732;0.0154699;0.000128764;0.00722445;0.182695;0.0695435;0.0290281;0.00971008;0.00217759;0.000314261;1.18589;5.01134;0.000114121;0.00186302;0.00240133;0.0206114;0.00165275;8.74514e-06;0.0138203;0.42169;0.00905274;0.00768001;0.00768122;0.0200373;0.106009;2.09131;0.0297416;3.90016;0.00449854;0.00064511;0.00426823;4.88948;0.00796546;0.13936;0.000250391;0.135916;0.903004;0.00319377;0.0111774;1.79862e-05;0.0230049;0.00153665;0.00631446;0.152138;0.00197788;1.40788;1.62948;8.71813;0.591417;1.10084;0.0329507;0.302289;1.38526;0.00086284;0.00112926;0.000944928;0.222754;1.2437;4.53288;0.000214113;0.0260313;0.00643068;0.0242069;0.757824;0.00499192;0.0492932;9.08317;0.0167247;0.0483851;1.85282e-05;0.000239117;0.0144226;0.0745392;0.019153;0.263656;0.243207;0.141169;0.0117853;0.0103223;8.5933;0.0219256;0.00399995;0.00717821;0.256053;0.0562578;1.08915e-05;0.0535939;1.38365;16.0321
54;0.00167275;8.06115e-12;80.162;0.0195518;0.391105;0.0221627;0.415746;3.33632e-13;1.57326e-13;1.1268;3.09298e-13;2.46155e-12;9.36477e-12;0.00542063;3.8168e-10;0.0112234;8.6702e-11;4.45631e-12;0.135932;0.0135275;0.0161891;1.22071e-11;2.32368e-13;1.05731e-10;0.247037;0.00249551;0.0116751;0.0154722;0.000128783;0.00722553;0.182723;0.0695536;0.029033;0.00971145;0.00217791;0.000314311;1.18607;5.01212;0.000114143;0.00186332;0.0024017;0.0206146;0.00165307;8.74659e-06;0.0138226;0.421756;0.00905414;0.00768128;0.00768241;0.020037;0.106025;2.09154;0.0297463;3.90076;0.00449921;0.000645208;0.00426864;4.89021;0.00796668;0.13938;0.000250431;0.135936;0.903058;0.00319426;0.0111793;1.7989e-05;0.0230082;0.00153687;0.00631522;0.152165;0.00197818;1.4081;1.62956;8.71945;0.591493;1.10098;0.0329535;0.302323;1.3854;0.000862951;0.00112918;0.000945042;0.222788;1.24389;4.53357;0.000214149;0.0260356;0.00643167;0.0242106;0.757977;0.00499332;0.0493029;9.08494;0.016728;0.0483947;1.8531e-05;0.00023916;0.0144242;0.0745499;0.0191555;0.263695;0.243241;0.141189;0.0117872;0.0103239;8.59463;0.0219294;0.00400002;0.00717831;0.25609;0.0562662;1.08932e-05;0.0535998;1.38385;16.0344
55;0.00167294;8.06215e-12;80.1719;0.0195541;0.391153;0.0221654;0.415797;3.33672e-13;1.57347e-13;1.1072;3.09335e-13;2.46183e-12;9.3656e-12;0.0054213;3.81727e-10;0.0112248;8.67126e-11;4.45685e-12;0.135949;0.0135291;0.016191;1.22086e-11;2.32396e-13;6.65127e-12;0.247067;0.00249592;0.0116765;0.0154741;0.000128799;0.00722638;0.182746;0.0695616;0.0290369;0.00971254;0.00217817;0.000314351;1.18621;5.01273;0.000114161;0.00186355;0.002402;0.0206171;0.00165332;8.74775e-06;0.0138243;0.421808;0.00905525;0.0076823;0.00768336;0.0200367;0.106038;2.09172;0.02975;3.90124;0.00449974;0.000645286;0.00426896;4.8908;0.00796765;0.139395;0.000250462;0.135952;0.903101;0.00319466;0.0111808;1.79913e-05;0.0230109;0.00153704;0.00631583;0.152186;0.00197841;1.40828;1.62976;8.72049;0.591553;1.1011;0.0329558;0.30235;1.38551;0.000863039;0.00112913;0.000945134;0.222815;1.24405;4.53412;0.000214179;0.026039;0.00643245;0.0242135;0.758098;0.00499446;0.0493107;9.08635;0.0167306;0.0484022;1.85332e-05;0.000239194;0.0144255;0.0745584;0.0191575;0.263727;0.243267;0.141206;0.0117886;0.0103252;8.59568;0.0219324;0.00400007;0.00717841;0.256119;0.0562729;1.08945e-05;0.0536046;1.384;16.0363
56;0.0016731;8.06294e-12;80.1797;0.0195559;0.391191;0.0221676;0.415838;3.33704e-13;1.57365e-13;1.09163;3.09364e-13;2.46207e-12;9.36635e-12;0.00542183;3.81764e-10;0.0112259;8.67211e-11;4.45728e-12;0.135962;0.0135303;0.0161926;1.22097e-11;2.32419e-13;1.72265e-11;0.247091;0.00249627;0.0116777;0.0154755;0.000128812;0.00722704;0.182763;0.0695681;0.0290399;0.00971343;0.00217837;0.000314382;1.18632;5.01323;0.000114175;0.00186374;0.00240223;0.0206191;0.00165353;8.74867e-06;0.0138258;0.42185;0.00905613;0.0076831;0.00768411;0.0200365;0.106048;2.09187;0.029753;3.90162;0.00450016;0.000645349;0.00426922;4.89127;0.00796843;0.139408;0.000250487;0.135965;0.903135;0.00319497;0.011182;1.79931e-05;0.023013;0.00153717;0.00631635;0.152202;0.0019786;1.40841;1.62992;8.72133;0.591601;1.10119;0.032958;0.302372;1.3856;0.000863108;0.00112914;0.000945211;0.222836;1.24417;4.53456;0.000214203;0.0260418;0.00643307;0.0242159;0.758194;0.00499539;0.0493168;9.08747;0.0167327;0.0484083;1.85349e-05;0.000239219;0.0144266;0.0745651;0.0191591;0.263752;0.243289;0.141219;0.0117898;0.0103262;8.59652;0.021935;0.00400013;0.00717868;0.256144;0.0562782;1.08954e-05;0.0536086;1.38412;16.0378
57;0.00167322;8.06356e-12;80.1859;0.0195572;0.391222;0.0221693;0.41587;3.3373e-13;1.57376e-13;1.07926;3.09388e-13;2.46222e-12;9.36673e-12;0.00521503;3.81794e-10;0.0112267;8.67278e-11;4.45763e-12;0.135973;0.0135313;0.0161939;1.22107e-11;2.32437e-13;1.05586e-10;0.24711;0.00249649;0.0116786;0.0154767;0.000128822;0.0072276;0.182777;0.069573;0.0290425;0.00971409;0.00217854;0.000314407;1.1864;5.01362;0.000114186;0.00186389;0.00240242;0.0206207;0.00165368;8.74941e-06;0.0138269;0.421883;0.00905683;0.00768375;0.0076847;0.0200363;0.106056;2.09198;0.0297553;3.90192;0.0045005;0.000645397;0.00426943;4.89164;0.00796903;0.139417;0.000250507;0.135975;0.903163;0.00319522;0.011183;1.79946e-05;0.0230146;0.00153728;0.00631668;0.152215;0.00197874;1.40853;1.63026;8.72199;0.591639;1.10127;0.032959;0.302389;1.38567;0.000863165;0.00112904;0.000945261;0.222853;1.24426;4.5349;0.00021422;0.026044;0.00643356;0.0242177;0.75827;0.00499607;0.0493217;9.08836;0.0167343;0.048413;1.85363e-05;0.000239243;0.0144273;0.0745705;0.0191604;0.263772;0.243305;0.141229;0.0117907;0.010327;8.59719;0.0219367;0.00400013;0.00717848;0.256161;0.0562824;1.08963e-05;0.0536112;1.38423;16.039
58;0.00167332;8.06406e-12;80.1909;0.0195585;0.391246;0.0221706;0.415895;3.3375e-13;1.5739e-13;1.06943;3.09405e-13;2.46239e-12;9.36731e-12;0.00542256;3.81818e-10;0.0112274;8.67332e-11;4.4579e-12;0.135981;0.0135321;0.0161949;1.22114e-11;2.32451e-13;1.27114e-10;0.247125;0.00249675;0.0116794;0.0154776;0.00012883;0.007228;0.182789;0.0695772;0.0290443;0.00971467;0.00217867;0.000314427;1.18647;5.01393;0.000114195;0.00186401;0.00240257;0.020622;0.00165382;8.74998e-06;0.0138278;0.42191;0.00905739;0.00768426;0.00768519;0.0200362;0.106063;2.09208;0.0297572;3.90216;0.00450076;0.000645437;0.00426958;4.89193;0.00796954;0.139426;0.000250523;0.135983;0.903184;0.00319541;0.0111836;1.79957e-05;0.023016;0.00153736;0.00631706;0.152226;0.00197887;1.40861;1.63014;8.72251;0.591669;1.10132;0.0329608;0.302402;1.38573;0.000863208;0.00112909;0.000945315;0.222867;1.24434;4.53518;0.000214236;0.0260456;0.00643396;0.0242192;0.758331;0.00499669;0.0493256;9.08907;0.0167357;0.0484169;1.85373e-05;0.000239257;0.0144281;0.0745747;0.0191614;0.263788;0.243319;0.141237;0.0117914;0.0103277;8.59772;0.0219385;0.00400019;0.00717882;0.256177;0.0562858;1.08969e-05;0.053614;1.3843;16.0399
59;0.0016734;8.06445e-12;80.1948;0.0195595;0.391265;0.0221717;0.415916;3.33766e-13;1.57396e-13;1.06162;3.09421e-13;2.46249e-12;9.36745e-12;0.00542285;3.81836e-10;0.0112279;8.67374e-11;4.45812e-12;0.135988;0.0135328;0.0161957;1.2212e-11;2.32463e-13;1.25516e-10;0.247137;0.00249688;0.01168;0.0154784;0.000128836;0.00722835;0.182798;0.0695802;0.0290461;0.00971507;0.00217877;0.000314443;1.18653;5.01417;0.000114203;0.00186411;0.00240268;0.020623;0.0016539;8.75047e-06;0.0138285;0.421931;0.00905783;0.00768467;0.00768555;0.020036;0.106068;2.09215;0.0297587;3.90235;0.00450098;0.000645468;0.00426971;4.89216;0.00796991;0.139431;0.000250536;0.13599;0.903202;0.00319557;0.0111843;1.79966e-05;0.023017;0.00153743;0.00631722;0.152234;0.00197895;1.40867;1.63023;8.72293;0.591693;1.10137;0.032961;0.302413;1.38578;0.000863244;0.00112895;0.00094534;0.222878;1.2444;4.5354;0.000214246;0.0260468;0.00643427;0.0242204;0.758379;0.00499719;0.0493286;9.08963;0.0167366;0.0484199;1.85383e-05;0.000239275;0.0144284;0.0745781;0.0191622;0.2638;0.243329;0.141244;0.011792;0.0103282;8.59814;0.0219394;0.00400016;0.00717849;0.256187;0.0562884;1.08974e-05;0.0536154;1.38437;16.0407
60;0.00167346;8.06476e-12;80.1979;0.01956;0.39128;0.0221725;0.415932;3.33779e-13;1.574e-13;1.05542;3.09434e-13;2.46256e-12;9.36764e-12;0.00542306;3.81851e-10;0.0112283;8.67408e-11;4.45829e-12;0.135993;0.0135333;0.0161963;1.22125e-11;2.32472e-13;1.056e-10;0.247147;0.00249697;0.0116804;0.015479;0.000128841;0.00722865;0.182805;0.0695826;0.0290473;0.0097154;0.00217885;0.000314456;1.18657;5.01437;0.000114208;0.00186419;0.00240278;0.0206238;0.00165398;8.75083e-06;0.0138291;0.421948;0.00905818;0.007685;0.00768584;0.0200359;0.106072;2.0922;0.0297598;3.9025;0.00450115;0.000645492;0.00426982;4.89235;0.00797021;0.139435;0.000250546;0.135995;0.903215;0.0031957;0.0111849;1.79974e-05;0.0230178;0.00153748;0.00631737;0.152241;0.00197902;1.40873;1.63029;8.72326;0.591712;1.10141;0.0329614;0.302422;1.38581;0.000863272;0.0011289;0.000945366;0.222886;1.24445;4.53557;0.000214254;0.0260483;0.00643451;0.0242213;0.758417;0.00499744;0.0493311;9.09008;0.0167374;0.0484223;1.8539e-05;0.000239287;0.0144288;0.0745808;0.0191629;0.26381;0.243337;0.141249;0.0117924;0.0103286;8.59847;0.0219402;0.00400016;0.0071784;0.256195;0.0562904;1.08979e-05;0.0536167;1.38442;16.0413
61;0.0016735;8.06503e-12;80.2005;0.0195609;0.391293;0.0221733;0.415945;3.33789e-13;1.57418e-13;1.05049;3.09438e-13;2.46274e-12;9.36854e-12;0.00542323;3.81863e-10;0.0112287;8.67436e-11;4.45842e-12;0.135997;0.0135337;0.0161968;1.22129e-11;2.32479e-13;8.64771e-12;0.247155;0.00249728;0.0116809;0.0154794;0.000128845;0.00722875;0.18281;0.0695855;0.0290475;0.00971582;0.0021789;0.000314464;1.18661;5.01452;0.000114213;0.00186422;0.00240285;0.0206245;0.0016541;8.75106e-06;0.0138295;0.42196;0.00905848;0.00768522;0.00768613;0.0200361;0.106075;2.09225;0.029761;3.90263;0.00450125;0.000645515;0.00426989;4.8925;0.00797051;0.139443;0.000250553;0.136;0.903226;0.0031958;0.0111847;1.79978e-05;0.0230186;0.00153753;0.00631781;0.152247;0.00197913;1.40878;1.63034;8.72353;0.591728;1.10144;0.0329644;0.302428;1.38584;0.000863289;0.00112929;0.000945427;0.222893;1.24449;4.53571;0.000214269;0.0260487;0.00643473;0.0242222;0.758449;0.00499787;0.0493332;9.09044;0.0167383;0.0484243;1.85393e-05;0.000239282;0.0144296;0.0745829;0.0191634;0.263818;0.243345;0.141253;0.0117928;0.0103289;8.59874;0.0219421;0.00400036;0.00717977;0.256209;0.0562925;1.0898e-05;0.0536196;1.38443;16.0415
62;0.00167355;8.06521e-12;80.2024;0.019561;0.391302;0.0221738;0.415955;3.33797e-13;1.57412e-13;1.04658;3.0945e-13;2.46271e-12;9.36813e-12;0.00542336;3.81872e-10;0.011229;8.67456e-11;4.45853e-12;0.136;0.013534;0.0161972;1.22132e-11;2.32485e-13;1.25549e-10;0.247161;0.00249719;0.0116811;0.0154798;0.000128848;0.00722901;0.182815;0.0695864;0.029049;0.00971591;0.00217897;0.000314473;1.18663;5.01465;0.000114216;0.00186429;0.00240291;0.020625;0.0016541;8.75134e-06;0.0138299;0.421971;0.00905868;0.00768545;0.00768628;0.0200358;0.106078;2.09229;0.0297615;3.90272;0.00450138;0.000645528;0.00426996;4.89261;0.00797066;0.139443;0.00025056;0.136002;0.903235;0.00319587;0.0111855;1.79984e-05;0.023019;0.00153756;0.0063177;0.15225;0.00197914;1.40881;1.63038;8.72373;0.591739;1.10146;0.0329629;0.302434;1.38586;0.000863311;0.00112895;0.000945414;0.222898;1.24452;4.53582;0.000214269;0.0260498;0.00643487;0.0242226;0.758472;0.00499799;0.0493346;9.09072;0.0167386;0.0484257;1.85399e-05;0.0002393;0.0144295;0.0745846;0.0191638;0.263825;0.24335;0.141256;0.0117931;0.0103291;8.59895;0.0219418;0.00400022;0.00717868;0.25621;0.0562935;1.08984e-05;0.0536192;1.38449;16.0421
63;0.00167358;8.06537e-12;80.2039;0.0195615;0.391309;0.0221742;0.415963;3.33804e-13;1.57418e-13;1.04347;3.09454e-13;2.46277e-12;9.36837e-12;0.00542346;3.8188e-10;0.0112292;8.67473e-11;4.45862e-12;0.136003;0.0135342;0.0161975;1.22134e-11;2.32489e-13;4.90222e-12;0.247166;0.0024973;0.0116814;0.0154801;0.000128851;0.00722912;0.182818;0.0695878;0.0290495;0.00971611;0.00217901;0.000314479;1.18666;5.01475;0.000114219;0.00186432;0.00240296;0.0206254;0.00165415;8.75152e-06;0.0138302;0.421979;0.00905886;0.00768561;0.00768644;0.0200358;0.10608;2.09232;0.0297621;3.9028;0.00450146;0.000645541;0.00427001;4.89271;0.00797082;0.139446;0.000250565;0.136005;0.903242;0.00319594;0.0111856;1.79987e-05;0.0230195;0.00153759;0.00631785;0.152254;0.00197918;1.40884;1.63041;8.7239;0.591749;1.10148;0.0329637;0.302438;1.38588;0.000863324;0.001129;0.000945433;0.222903;1.24454;4.5359;0.000214274;0.0260501;0.00643499;0.0242231;0.758492;0.00499821;0.0493359;9.09094;0.0167391;0.0484269;1.85402e-05;0.000239303;0.0144297;0.074586;0.0191641;0.263829;0.243354;0.141259;0.0117933;0.0103294;8.59912;0.0219425;0.00400025;0.0071789;0.256215;0.0562946;1.08986e-05;0.0536202;1.38451;16.0424
64;0.0016736;8.0655e-12;80.2052;0.0195618;0.391316;0.0221746;0.41597;3.33809e-13;1.57421e-13;1.041;3.09459e-13;2.46281e-12;9.36851e-12;0.00542354;3.81886e-10;0.0112293;8.67487e-11;4.45869e-12;0.136005;0.0135345;0.0161977;1.22136e-11;2.32493e-13;1.05405e-10;0.24717;0.00249736;0.0116816;0.0154803;0.000128853;0.00722923;0.182821;0.0695888;0.0290499;0.00971626;0.00217904;0.000314484;1.18667;5.01482;0.000114221;0.00186435;0.002403;0.0206257;0.00165418;8.75166e-06;0.0138304;0.421986;0.009059;0.00768573;0.00768656;0.0200358;0.106081;2.09234;0.0297626;3.90286;0.00450153;0.000645551;0.00427005;4.89278;0.00797095;0.139448;0.000250569;0.136007;0.903247;0.00319599;0.0111858;1.7999e-05;0.0230198;0.00153761;0.00631794;0.152256;0.00197921;1.40886;1.63044;8.72403;0.591757;1.10149;0.0329641;0.302441;1.3859;0.000863335;0.00112902;0.000945447;0.222906;1.24456;4.53597;0.000214278;0.0260506;0.00643509;0.0242235;0.758507;0.00499835;0.0493368;9.09112;0.0167394;0.0484279;1.85405e-05;0.000239307;0.0144299;0.0745871;0.0191643;0.263833;0.243357;0.141261;0.0117935;0.0103295;8.59925;0.0219429;0.00400027;0.00717899;0.256219;0.0562955;1.08987e-05;0.0536209;1.38453;16.0426
65;0.00167362;8.06559e-12;80.2061;0.0195619;0.39132;0.0221748;0.415974;3.33813e-13;1.57418e-13;1.03904;3.09465e-13;2.46279e-12;9.36833e-12;0.00558866;3.8189e-10;0.0112295;8.67497e-11;4.45874e-12;0.136007;0.0135346;0.0161979;1.22138e-11;2.32495e-13;1.05499e-10;0.247172;0.00249733;0.0116817;0.0154805;0.000128854;0.00722936;0.182823;0.0695893;0.0290506;0.00971631;0.00217907;0.000314489;1.18669;5.01489;0.000114222;0.00186438;0.00240302;0.0206259;0.00165419;8.75179e-06;0.0138306;0.421992;0.0090591;0.00768585;0.00768663;0.0200357;0.106083;2.09236;0.0297629;3.9029;0.0045016;0.000645557;0.00427009;4.89284;0.00797102;0.139448;0.000250572;0.136008;0.903251;0.00319602;0.0111862;1.79993e-05;0.02302;0.00153762;0.00631789;0.152258;0.00197922;1.40888;1.6303;8.72413;0.591762;1.1015;0.0329635;0.302444;1.38591;0.000863346;0.00112887;0.000945442;0.222909;1.24457;4.53603;0.000214278;0.0260511;0.00643516;0.0242238;0.758519;0.00499841;0.0493375;9.09126;0.0167396;0.0484286;1.85408e-05;0.000239315;0.0144299;0.0745879;0.0191645;0.263837;0.24336;0.141263;0.0117937;0.0103296;8.59935;0.0219427;0.00400021;0.00717849;0.25622;0.056296;1.08989e-05;0.0536208;1.38456;16.0429
66;0.00167363;8.06569e-12;80.207;0.0195624;0.391324;0.0221751;0.415979;3.33816e-13;1.57433e-13;1.03748;3.09462e-13;2.46293e-12;9.36909e-12;0.00542366;3.81894e-10;0.0112296;8.67507e-11;4.45879e-12;0.136008;0.0135347;0.0161981;1.22139e-11;2.32498e-13;1.05667e-10;0.247175;0.00249756;0.0116819;0.0154806;0.000128856;0.00722931;0.182825;0.0695908;0.0290501;0.00971654;0.00217907;0.000314491;1.1867;5.01493;0.000114224;0.00186438;0.00240305;0.0206261;0.00165426;8.75183e-06;0.0138307;0.421995;0.00905922;0.00768589;0.00768676;0.0200359;0.106083;2.09238;0.0297635;3.90294;0.0045016;0.000645567;0.00427011;4.89289;0.00797115;0.139453;0.000250575;0.13601;0.903255;0.00319606;0.0111856;1.79993e-05;0.0230204;0.00153764;0.00631822;0.152261;0.00197928;1.40889;1.63047;8.72422;0.591768;1.10151;0.032966;0.302446;1.38592;0.000863347;0.00112925;0.000945487;0.222911;1.24459;4.53608;0.000214288;0.0260509;0.00643525;0.0242241;0.758529;0.00499864;0.0493384;9.09138;0.0167401;0.0484294;1.85407e-05;0.000239304;0.0144304;0.0745886;0.0191647;0.263839;0.243363;0.141264;0.0117938;0.0103297;8.59944;0.0219441;0.0040004;0.00717985;0.256229;0.056297;1.08989e-05;0.0536228;1.38454;16.0428
67;0.00167365;8.06573e-12;80.2076;0.0195621;0.391327;0.0221752;0.415982;3.33819e-13;1.57419e-13;1.03624;3.09471e-13;2.46282e-12;9.36837e-12;0.0054237;3.81897e-10;0.0112297;8.67512e-11;4.45882e-12;0.136009;0.0135348;0.0161982;1.2214e-11;2.32499e-13;7.6221e-11;0.247177;0.00249735;0.0116819;0.0154808;0.000128856;0.00722948;0.182826;0.0695904;0.0290513;0.00971645;0.00217911;0.000314495;1.18671;5.01498;0.000114225;0.00186442;0.00240307;0.0206263;0.00165422;8.75196e-06;0.0138308;0.421999;0.00905926;0.007686;0.00768676;0.0200356;0.106085;2.09238;0.0297634;3.90297;0.00450167;0.000645568;0.00427013;4.89292;0.00797116;0.13945;0.000250577;0.13601;0.903258;0.00319608;0.0111865;1.79996e-05;0.0230204;0.00153765;0.00631794;0.152261;0.00197925;1.4089;1.63049;8.72428;0.591771;1.10152;0.0329635;0.302448;1.38592;0.000863359;0.00112881;0.000945451;0.222913;1.2446;4.5361;0.000214282;0.0260517;0.00643527;0.0242242;0.758536;0.00499856;0.0493386;9.09146;0.0167399;0.0484297;1.85411e-05;0.000239321;0.01443;0.0745891;0.0191648;0.263841;0.243363;0.141265;0.0117939;0.0103298;8.5995;0.021943;0.00400019;0.00717835;0.256223;0.0562969;1.08991e-05;0.0536212;1.38458;16.0432
68;0.00167366;8.0658e-12;80.2081;0.0195626;0.39133;0.0221754;0.415985;3.33821e-13;1.57431e-13;1.03526;3.09468e-13;2.46292e-12;9.36894e-12;0.00542375;3.819e-10;0.0112297;8.67519e-11;4.45885e-12;0.13601;0.0135349;0.0161983;1.22141e-11;2.32501e-13;2.7619e-11;0.247178;0.00249754;0.011682;0.0154809;0.000128857;0.00722944;0.182827;0.0695914;0.0290508;0.00971661;0.00217911;0.000314496;1.18671;5.015;0.000114227;0.00186442;0.00240308;0.0206264;0.00165427;8.75199e-06;0.0138309;0.422001;0.00905934;0.00768602;0.00768685;0.0200358;0.106085;2.09239;0.0297638;3.903;0.00450167;0.000645574;0.00427014;4.89295;0.00797125;0.139453;0.000250578;0.136012;0.90326;0.0031961;0.011186;1.79996e-05;0.0230206;0.00153766;0.00631819;0.152263;0.00197929;1.40891;1.6305;8.72434;0.591775;1.10153;0.0329653;0.302449;1.38593;0.000863359;0.0011291;0.000945484;0.222914;1.2446;4.53614;0.000214289;0.0260514;0.00643533;0.0242244;0.758543;0.00499873;0.0493392;9.09154;0.0167403;0.0484302;1.85411e-05;0.000239313;0.0144304;0.0745895;0.0191649;0.263843;0.243365;0.141266;0.0117939;0.0103299;8.59956;0.0219441;0.00400034;0.00717937;0.25623;0.0562976;1.08991e-05;0.0536227;1.38457;16.0431
69;0.00167367;8.06583e-12;80.2085;0.0195625;0.391332;0.0221755;0.415987;3.33822e-13;1.57429e-13;1.03448;3.09471e-13;2.46291e-12;9.36885e-12;0.00542377;3.81901e-10;0.0112298;8.67522e-11;4.45887e-12;0.136011;0.013535;0.0161984;1.22141e-11;2.32502e-13;1.04509e-10;0.24718;0.00249751;0.0116821;0.0154809;0.000128858;0.0072295;0.182828;0.0695916;0.0290511;0.00971663;0.00217912;0.000314497;1.18672;5.01503;0.000114227;0.00186443;0.0024031;0.0206265;0.00165427;8.75204e-06;0.013831;0.422003;0.00905938;0.00768607;0.00768688;0.0200357;0.106086;2.0924;0.0297639;3.90302;0.0045017;0.000645577;0.00427016;4.89298;0.00797128;0.139454;0.00025058;0.136012;0.903261;0.00319612;0.0111862;1.79997e-05;0.0230207;0.00153766;0.00631816;0.152263;0.00197929;1.40892;1.63051;8.72438;0.591777;1.10153;0.0329651;0.30245;1.38594;0.000863364;0.00112903;0.000945481;0.222915;1.24461;4.53616;0.000214289;0.0260518;0.00643536;0.0242245;0.758547;0.00499874;0.0493394;9.09159;0.0167403;0.0484305;1.85412e-05;0.000239317;0.0144304;0.0745899;0.019165;0.263844;0.243366;0.141266;0.011794;0.0103299;8.5996;0.021944;0.0040003;0.00717914;0.25623;0.0562978;1.08992e-05;0.0536226;1.38458;16.0432
70;0.00167367;8.06586e-12;80.2088;0.0195626;0.391333;0.0221755;0.415988;3.33824e-13;1.57427e-13;1.03385;3.09473e-13;2.4629e-12;9.36873e-12;0.00526489;3.81903e-10;0.0112298;8.67525e-11;4.45889e-12;0.136011;0.013535;0.0161985;1.22142e-11;2.32503e-13;1.15715e-10;0.247181;0.00249748;0.0116821;0.015481;0.000128858;0.00722955;0.182829;0.0695917;0.0290514;0.00971663;0.00217913;0.000314499;1.18672;5.01505;0.000114227;0.00186444;0.0024031;0.0206266;0.00165427;8.75209e-06;0.013831;0.422005;0.0090594;0.00768611;0.0076869;0.0200357;0.106086;2.09241;0.0297639;3.90303;0.00450173;0.000645579;0.00427017;4.89299;0.0079713;0.139453;0.000250581;0.136013;0.903263;0.00319613;0.0111864;1.79998e-05;0.0230208;0.00153767;0.00631813;0.152264;0.00197929;1.40892;1.63068;8.72441;0.591779;1.10153;0.0329647;0.302451;1.38594;0.000863368;0.00112895;0.000945476;0.222916;1.24462;4.53617;0.000214288;0.0260519;0.00643538;0.0242246;0.758551;0.00499876;0.0493396;9.09163;0.0167404;0.0484307;1.85413e-05;0.000239321;0.0144303;0.0745902;0.0191651;0.263845;0.243367;0.141267;0.011794;0.01033;8.59963;0.0219438;0.00400026;0.00717886;0.256229;0.0562979;1.08992e-05;0.0536225;1.38459;16.0433
