t;dt;mu;dmu
0.0;0.01;0.41266416471671347;0.0
0.01;0.01;0.6582021166888343;0.24553795197212086
0.02;0.01;0.8376158215237745;0.17941370483494012
0.03;0.01;0.9801174079859507;0.14250158646217626
0.04;0.01;1.0991683796111253;0.11905097162517464
0.05;0.01;1.200915449719597;0.10174707010847173
0.060000000000000005;0.01;1.2878216792287323;0.08690622950913518
0.07;0.01;1.3603443544308975;0.07252267520216527
0.08;0.01;1.4178213989606472;0.057477044529749666
0.09;0.01;1.4595102362215187;0.04168883726087147
0.09999999999999999;0.01;1.4864953790977158;0.026985142876197132
0.10999999999999999;0.01;1.5033281264221043;0.016832747324388553
0.11999999999999998;0.01;1.5157919770819017;0.012463850659797382
0.12999999999999998;0.01;1.5269452822652247;0.011153305183323026
0.13999999999999999;0.01;1.5374955182080359;0.010550235942811126
0.15;0.01;1.5475470549469224;0.01005153673888648
0.16;0.01;1.5571315323408865;0.009584477393964175
0.17;0.01;1.5662722577492858;0.009140725408399275
0.18000000000000002;0.01;1.574989605991148;0.0087173482418621
0.19000000000000003;0.01;1.5833016509756526;0.008312044984504663
0.20000000000000004;0.01;1.5912244316184672;0.007922780642814597
0.21000000000000005;0.01;1.5987721707536497;0.007547739135182585
0.22000000000000006;0.01;1.6059574734794861;0.0071853027258363955
0.23000000000000007;0.01;1.612791511244105;0.006834037764618772
0.24000000000000007;0.01;1.6192841965427636;0.006492685298658651
0.25000000000000006;0.01;1.6254443526759295;0.006160156133165895
0.26000000000000006;0.01;1.631279882530514;0.005835529854584465
0.2700000000000001;0.01;1.636797939747087;0.005518057216573169
0.2800000000000001;0.01;1.642005104878267;0.005207165131179803
0.2900000000000001;0.01;1.646907568161738;0.0049024632834711035
0.3000000000000001;0.01;1.6515113192619308;0.004603751100192843
0.3100000000000001;0.01;1.6558223427367482;0.004311023474817377
0.3200000000000001;0.01;1.6598468160658288;0.0040244733290806245
0.3300000000000001;0.01;1.6635913049124487;0.00374448884661982
0.34000000000000014;0.01;1.667062948056398;0.003471643143949432
0.35000000000000014;0.01;1.6702696224135425;0.00320667435714439
0.36000000000000015;0.01;1.6732200771326702;0.002950454719127693
0.37000000000000016;0.01;1.6759240253692804;0.002703948236610243
0.38000000000000017;0.01;1.6783921833837436;0.0024681580144632065
0.3900000000000002;0.01;1.6806362493474993;0.0022440659637557037
0.4000000000000002;0.01;1.6826688186330878;0.0020325692855884814
0.4100000000000002;0.01;1.6845032380088067;0.001834419375718932
0.4200000000000002;0.01;1.6861534072859505;0.001650169277143787
0.4300000000000002;0.01;1.687633542560035;0.0014801352740845264
0.4400000000000002;0.01;1.6889579192158835;0.0013243766558483916
0.45000000000000023;0.01;1.6901406145547553;0.0011826953388718309
0.46000000000000024;0.01;1.6911952689494871;0.0010546543947318465
0.47000000000000025;0.01;1.6921348810974857;0.0009396121479985364
0.48000000000000026;0.01;1.6929716479491337;0.0008367668516480187
0.49000000000000027;0.01;1.6937168542235317;0.0007452062743980026
0.5000000000000002;0.01;1.694380811059255;0.0006639568357234005
0.5100000000000002;0.01;1.694972839033224;0.000592027973968845
0.5200000000000002;0.01;1.695501287920888;0.0005284488876640125
0.5300000000000002;0.01;1.6959735842241288;0.00047229630324086
0.5400000000000003;0.01;1.6963962974507631;0.0004227132266343414
0.5500000000000003;0.01;1.6967752170328387;0.0003789195820755875
0.5600000000000003;0.01;1.6971154332249512;0.00034021619211244136
0.5700000000000003;0.01;1.6974214169788107;0.0003059837538594845
0.5800000000000003;0.01;1.6976970953861412;0.0002756784073305596
0.5900000000000003;0.01;1.6979459206581715;0.00024882527203029525
0.6000000000000003;0.01;1.6981709316935385;0.0002250110353669843
0.6100000000000003;0.01;1.6983748080692012;0.00020387637566265937
0.6200000000000003;0.01;1.6985599168029946;0.0001851087337934043
0.6300000000000003;0.01;1.69872835253324;0.0001684357302453865
0.6400000000000003;0.01;1.698881971896241;0.00015361936300095635
0.6500000000000004;0.01;1.6990224229076887;0.00014045101144777306
0.6600000000000004;0.01;1.6991511701109667;0.00012874720327804567
0.6700000000000004;0.01;1.6992695161756486;0.00011834606468186237
0.6800000000000004;0.01;1.699378620535101;0.00010910435945232777
0.6900000000000004;0.01;1.6994795155571656;0.00010089502206467316
0.7000000000000004;0.01;1.6995731206543487;9.360509718314702e-05
0.7100000000000004;0.01;1.699660254663772;8.71340094232842e-05
0.7200000000000004;0.01;1.6997416467633601;8.139209958812899e-05
0.7300000000000004;0.01;1.6998179461388752;7.629937551500987e-05
0.7400000000000004;0.01;1.6998897305751397;7.178443626454367e-05
0.7500000000000004;0.01;1.699957514112415;6.778353727532327e-05
0.7600000000000005;0.01;1.7000217538837337;6.423977131864156e-05
0.7700000000000005;0.01;1.700082856229532;6.110234579836948e-05
0.7800000000000005;0.01;1.700141182170829;5.832594129695501e-05
0.7900000000000005;0.01;1.700197052310444;5.5870139614944136e-05
0.8000000000000005;0.01;1.700250751222454;5.3698912010125e-05
0.8100000000000005;0.01;1.7003025313826474;5.178016019335985e-05
0.8200000000000005;0.01;1.7003526166866727;5.008530402528244e-05
0.8300000000000005;0.01;1.7004012055975035;4.8588910830815735e-05
0.8400000000000005;0.01;1.7004484739595438;4.7268362040275846e-05
0.8500000000000005;0.01;1.7004945775129723;4.6103553428489263e-05
0.8600000000000005;0.01;1.7005396541386542;4.507662568187243e-05
0.8700000000000006;0.01;1.7005838258610262;4.417172237203282e-05
0.8800000000000006;0.01;1.700627200633737;4.3374772710880194e-05
0.8900000000000006;0.01;1.7006698739304753;4.2673296738238164e-05
0.9000000000000006;0.01;1.700711930161223;4.2056230747711254e-05
0.9100000000000006;0.01;1.7007534439322596;4.1513771036560954e-05
0.9200000000000006;0.01;1.7007944811664106;4.1037234151053426e-05
0.9300000000000006;0.01;1.7008351000984325;4.061893202189637e-05
0.9400000000000006;0.01;1.7008753521589197;4.025206048718921e-05
0.9500000000000006;0.01;1.7009152827587906;3.993059987084102e-05
0.9600000000000006;0.01;1.7009549319851487;3.96492263581294e-05
0.9700000000000006;0.01;1.700994335218242;3.9403233093260326e-05
0.9800000000000006;0.01;1.7010335236781873;3.918845994532738e-05
0.9900000000000007;0.01;1.70107252490926;3.900123107269948e-05
1.0000000000000007;0.01;1.7011113632086727;3.883829941275785e-05
1.0100000000000007;0.01;1.7011500600060856;3.8696797412862693e-05
1.0200000000000007;0.01;1.701188634199358;3.857419327246703e-05
1.0300000000000007;0.01;1.7012271024515002;3.8468252142154213e-05
1.0400000000000007;0.01;1.701265479453213;3.8377001712719405e-05
1.0500000000000007;0.01;1.7013037781549338;3.829870172089578e-05
1.0600000000000007;0.01;1.7013420099718781;3.8231816944289676e-05
1.0700000000000007;0.01;1.7013801849651515;3.8174993273409896e-05
1.0800000000000007;0.01;1.7014183120017092;3.812703655770022e-05
1.0900000000000007;0.01;1.7014563988955724;3.808689386319841e-05
1.1000000000000008;0.01;1.7014944525324947;3.8053636922219525e-05
1.1100000000000008;0.01;1.7015324789799697;3.8026447475081326e-05
1.1200000000000008;0.01;1.7015704835843104;3.800460434066899e-05
1.1300000000000008;0.01;1.701608471056278;3.798747196759322e-05
1.1400000000000008;0.01;1.7016464455466163;3.7974490338266165e-05
1.1500000000000008;0.01;1.7016844107126619;3.7965166045594856e-05
1.1600000000000008;0.01;1.701722369777074;3.7959064412174115e-05
1.1700000000000008;0.01;1.7017603255796172;3.7955802543176986e-05
1.1800000000000008;0.01;1.7017982806228005;3.79550431832687e-05
1.1900000000000008;0.01;1.7018362371121079;3.795648930737805e-05
1.2000000000000008;0.01;1.7018741969914468;3.795987933896683e-05
1.2100000000000009;0.01;1.7019121619743909;3.796498294406092e-05
1.2200000000000009;0.01;1.701950133571699;3.797159730822841e-05
1.2300000000000009;0.01;1.7019881131155654;3.797954386630664e-05
1.2400000000000009;0.01;1.7020261017809755;3.7988665410049194e-05
1.2500000000000009;0.01;1.7020641006045254;3.7998823549934e-05
1.260000000000001;0.01;1.7021021105009841;3.8009896458746084e-05
1.270000000000001;0.01;1.702140132277891;3.8021776906926874e-05
1.280000000000001;0.01;1.702178166648404;3.8034370512862736e-05
1.290000000000001;0.01;1.7022162142426145;3.804759421055515e-05
1.300000000000001;0.01;1.7022542756175105;3.806137489603678e-05
1.310000000000001;0.01;1.7022923512657462;3.807564823565812e-05
1.320000000000001;0.01;1.7023304416233664;3.8090357620257365e-05
1.330000000000001;0.01;1.7023685470766008;3.810545323434944e-05
1.340000000000001;0.01;1.7024066679678516;3.812089125077023e-05
1.350000000000001;0.01;1.7024448046009568;3.8136633105256834e-05
1.360000000000001;0.01;1.702482957245829;3.8152644872280206e-05
1.370000000000001;0.01;1.7025211261425346;3.816889670549273e-05
1.380000000000001;0.01;1.7025593115048847;3.818536235011827e-05
1.390000000000001;0.01;1.7025975135235965;3.820201871174156e-05
1.400000000000001;0.01;1.7026357323690724;3.8218845475945784e-05
1.410000000000001;0.01;1.7026739681938505;3.8235824778132255e-05
1.420000000000001;0.01;1.7027122211347572;3.825294090664677e-05
1.430000000000001;0.01;1.7027504913147997;3.8270180042543345e-05
1.440000000000001;0.01;1.7027887788448397;3.828753003998209e-05
1.450000000000001;0.01;1.7028270838250523;3.83049802126223e-05
1.460000000000001;0.01;1.702865406346226;3.8322521173750346e-05
1.470000000000001;0.01;1.7029037464908916;3.8340144665527376e-05
1.480000000000001;0.01;1.7029421043343254;3.8357843433756145e-05
1.490000000000001;0.01;1.7029804799454262;3.837561110087151e-05
1.500000000000001;0.01;1.7030188733874911;3.839344206491013e-05
1.5100000000000011;0.01;1.7030572847188934;3.8411331402254945e-05
1.5200000000000011;0.01;1.7030957139936835;3.8429274790141577e-05
1.5300000000000011;0.01;1.7031341612621134;3.844726842983093e-05
1.5400000000000011;0.01;1.703172626571103;3.84653089895437e-05
1.5500000000000012;0.01;1.7032111099646445;3.848339354162178e-05
1.5600000000000012;0.01;1.7032496114841618;3.850151951723113e-05
1.5700000000000012;0.01;1.703288131168828;3.851968466617173e-05
1.5800000000000012;0.01;1.7033266690558388;3.853788701091432e-05
1.5900000000000012;0.01;1.7033652251806606;3.855612482173143e-05
1.6000000000000012;0.01;1.7034037995772415;3.857439658094819e-05
1.6100000000000012;0.01;1.7034423922782032;3.8592700961626036e-05
1.6200000000000012;0.01;1.7034810033150052;3.86110368020276e-05
1.6300000000000012;0.01;1.7035196327180904;3.8629403085188585e-05
1.6400000000000012;0.01;1.7035582805170155;3.864779892515102e-05
1.6500000000000012;0.01;1.7035969467405612;3.866622354564697e-05
1.6600000000000013;0.01;1.703635631416836;3.868467627476946e-05
1.6700000000000013;0.01;1.7036743345733578;3.8703156521879833e-05
1.6800000000000013;0.01;1.7037130562371359;3.872166377805186e-05
1.6900000000000013;0.01;1.703751796434736;3.8740197600084514e-05
1.7000000000000013;0.01;1.7037905551923385;3.8758757602508354e-05
1.7100000000000013;0.01;1.7038293325357947;3.877734345625328e-05
1.7200000000000013;0.01;1.7038681284906698;3.879595487510379e-05
1.7300000000000013;0.01;1.7039069430822833;3.8814591613478555e-05
1.7400000000000013;0.01;1.7039457763357462;3.883325346287769e-05
1.7500000000000013;0.01;1.7039846282759905;3.885194024433325e-05
1.7600000000000013;0.01;1.7040234989278005;3.887065180996352e-05
1.7700000000000014;0.01;1.70406238831583;3.888938802942832e-05
1.7800000000000014;0.01;1.704101296464631;3.890814880103122e-05
1.7900000000000014;0.01;1.7041402233986684;3.892693403750869e-05
1.8000000000000014;0.01;1.7041791691423367;3.894574366825054e-05
1.8100000000000014;0.01;1.7042181337199762;3.896457763952199e-05
1.8200000000000014;0.01;1.7042571171558845;3.898343590824638e-05
1.8300000000000014;0.01;1.7042961194743276;3.9002318443115414e-05
1.8400000000000014;0.01;1.7043351406995504;3.9021225222812816e-05
1.8500000000000014;0.01;1.7043741808557853;3.904015623490409e-05
1.8600000000000014;0.01;1.7044132399672594;3.905911147406016e-05
1.8700000000000014;0.01;1.7044523180582025;3.907809094316761e-05
1.8800000000000014;0.01;1.7044914151528514;3.9097094648887776e-05
1.8900000000000015;0.01;1.7045305312754562;3.911612260476538e-05
1.9000000000000015;0.01;1.7045696664502843;3.91351748281199e-05
1.9100000000000015;0.01;1.704608820701626;3.915425134159989e-05
1.9200000000000015;0.01;1.7046479940537949;3.9173352168964115e-05
1.9300000000000015;0.01;1.7046871865311357;3.919247734085474e-05
1.9400000000000015;0.01;1.7047263981580216;3.921162688591551e-05
1.9500000000000015;0.01;1.7047656289588624;3.9230800840783786e-05
1.9600000000000015;0.01;1.704804878958101;3.924999923854422e-05
1.9700000000000015;0.01;1.7048441481802215;3.9269222120497105e-05
1.9800000000000015;0.01;1.7048834366497452;3.928846952372389e-05
1.9900000000000015;0.01;1.7049227443912351;3.930774148996896e-05
2.0000000000000013;0.01;1.704962071429298;3.932703806275306e-05
2.010000000000001;0.01;1.7050014177885826;3.9346359284708754e-05
2.020000000000001;0.01;1.705040783493784;3.936570520135518e-05
2.0300000000000007;0.01;1.7050801685696424;3.938507585843354e-05
2.0400000000000005;0.01;1.705119573040945;3.9404471302573185e-05
2.0500000000000003;0.01;1.7051589969325265;3.9423891581513715e-05
2.06;0.01;1.7051984402692704;3.9443336743882895e-05
2.07;0.01;1.7052379030761065;3.946280683608805e-05
2.0799999999999996;0.01;1.7052773853780177;3.948230191119784e-05
2.0899999999999994;0.01;1.7053168872000346;3.950182201695185e-05
2.099999999999999;0.01;1.7053564085672375;3.952136720286603e-05
2.109999999999999;0.01;1.70539594950476;3.9540937522453135e-05
2.1199999999999988;0.01;1.705435510037784;3.956053302411888e-05
2.1299999999999986;0.01;1.705475090191546;3.958015376204216e-05
2.1399999999999983;0.01;1.7055146899913318;3.959979978573891e-05
2.149999999999998;0.01;1.7055543094624823;3.961947115049824e-05
2.159999999999998;0.01;1.7055939486303877;3.9639167905392014e-05
2.1699999999999977;0.01;1.705633607520493;3.965889010526524e-05
2.1799999999999975;0.01;1.7056732861582966;3.967863780363068e-05
2.1899999999999973;0.01;1.7057129845693495;3.969841105289085e-05
2.199999999999997;0.01;1.7057527027792565;3.971820990700259e-05
2.209999999999997;0.01;1.7057924408136762;3.9738034419700696e-05
2.2199999999999966;0.01;1.7058321986983205;3.9757884644275876e-05
2.2299999999999964;0.01;1.7058719764589572;3.977776063668337e-05
2.239999999999996;0.01;1.7059117741214078;3.979766245065797e-05
2.249999999999996;0.01;1.7059515917115475;3.981759013971242e-05
2.259999999999996;0.01;1.7059914292553089;3.9837543761356287e-05
2.2699999999999956;0.01;1.7060312867786767;3.985752336777004e-05
2.2799999999999954;0.01;1.7060711643076927;3.987752901601915e-05
2.289999999999995;0.01;1.7061110618684536;3.9897560760948636e-05
2.299999999999995;0.01;1.7061509794871121;3.991761865851373e-05
2.3099999999999947;0.01;1.7061909171898764;3.993770276422559e-05
2.3199999999999945;0.01;1.70623087500301;3.9957813133595366e-05
2.3299999999999943;0.01;1.7062708529528345;3.99779498245767e-05
2.339999999999994;0.01;1.7063108510657259;3.999811289134847e-05
2.349999999999994;0.01;1.7063508693681173;4.0018302391420235e-05
2.3599999999999937;0.01;1.706390907886499;4.003851838163541e-05
2.3699999999999934;0.01;1.706430966647418;4.0058760919059466e-05
2.3799999999999932;0.01;1.7064710456774776;4.0079030059647636e-05
2.389999999999993;0.01;1.7065111450033394;4.009932586179765e-05
2.399999999999993;0.01;1.7065512646517225;4.011964838301907e-05
2.4099999999999926;0.01;1.7065914046494013;4.0139997678823036e-05
2.4199999999999924;0.01;1.7066315650232111;4.016037380982773e-05
2.429999999999992;0.01;1.706671745800043;4.0180776831988396e-05
2.439999999999992;0.01;1.706711947006847;4.0201206803924805e-05
2.4499999999999917;0.01;1.7067521686706308;4.0221663783812645e-05
2.4599999999999915;0.01;1.706792410818462;4.024214783115987e-05
2.4699999999999913;0.01;1.7068326734774646;4.026265900258785e-05
2.479999999999991;0.01;1.7068729566748229;4.0283197358270684e-05
2.489999999999991;0.01;1.7069132604377795;4.030376295660609e-05
2.4999999999999907;0.01;1.7069535847936375;4.032435585799021e-05
2.5099999999999905;0.01;1.7069939297697574;4.0344976119932596e-05
2.5199999999999902;0.01;1.707034295393561;4.0365623803717554e-05
2.52999999999999;0.01;1.707074681692527;4.038629896596646e-05
2.53999999999999;0.01;1.7071150886941977;4.040700167062816e-05
2.5499999999999896;0.01;1.7071555164261734;4.04277319756563e-05
2.5599999999999894;0.01;1.707195964916114;4.044848994055883e-05
2.569999999999989;0.01;1.7072364341917408;4.0469275626842105e-05
2.579999999999989;0.01;1.7072769242808352;4.049008909445817e-05
2.5899999999999888;0.01;1.7073174352112406;4.051093040535747e-05
2.5999999999999885;0.01;1.7073579670108598;4.0531799619270004e-05
2.6099999999999883;0.01;1.7073985197076575;4.0552696797702126e-05
2.619999999999988;0.01;1.7074390933296595;4.057362200193815e-05
2.629999999999988;0.01;1.707479687904953;4.0594575293484425e-05
2.6399999999999877;0.01;1.7075203034616875;4.061555673451345e-05
2.6499999999999875;0.01;1.7075609400280738;4.0636566386309525e-05
2.6599999999999873;0.01;1.7076015976323848;4.065760431104515e-05
2.669999999999987;0.01;1.707642276302956;4.067867057111485e-05
2.679999999999987;0.01;1.7076829760681846;4.069976522869112e-05
2.6899999999999866;0.01;1.707723696956532;4.0720888347278716e-05
2.6999999999999864;0.01;1.7077644389965208;4.074203998882808e-05
2.709999999999986;0.01;1.7078052022167367;4.07632202159558e-05
2.719999999999986;0.01;1.7078459866458295;4.078442909283275e-05
2.7299999999999858;0.01;1.707886792312513;4.080566668340779e-05
2.7399999999999856;0.01;1.7079276192455626;4.0826933049631364e-05
2.7499999999999853;0.01;1.707968467473818;4.084822825545231e-05
2.759999999999985;0.01;1.7080093370261853;4.0869552367261974e-05
2.769999999999985;0.01;1.7080502279316319;4.0890905446566705e-05
2.7799999999999847;0.01;1.708091140219191;4.091228755909171e-05
2.7899999999999845;0.01;1.708132073917959;4.09336987681197e-05
2.7999999999999843;0.01;1.708173029057099;4.095513913981996e-05
2.809999999999984;0.01;1.7082140056658377;4.0976608738807485e-05
2.819999999999984;0.01;1.7082550037734678;4.0998107630141334e-05
2.8299999999999836;0.01;1.708296023409347;4.101963587910262e-05
2.8399999999999834;0.01;1.7083370646028984;4.1041193551416555e-05
2.849999999999983;0.01;1.7083781273836118;4.106278071347447e-05
2.859999999999983;0.01;1.708419211781041;4.1084397429225206e-05
2.869999999999983;0.01;1.7084603178248088;4.110604376772464e-05
2.8799999999999826;0.01;1.708501445544602;4.112771979314367e-05
2.8899999999999824;0.01;1.708542594970175;4.1149425572983844e-05
2.899999999999982;0.01;1.7085837661313494;4.1171161174524684e-05
2.909999999999982;0.01;1.7086249590580131;4.1192926663713436e-05
2.9199999999999817;0.01;1.7086661737801214;4.1214722108273705e-05
2.9299999999999815;0.01;1.7087074103276971;4.123654757570705e-05
2.9399999999999813;0.01;1.7087486687308313;4.1258403134181165e-05
2.949999999999981;0.01;1.7087899490196812;4.128028884986534e-05
2.959999999999981;0.01;1.7088312512244748;4.130220479359181e-05
2.9699999999999807;0.01;1.708872575375505;4.13241510301976e-05
2.9799999999999804;0.01;1.7089139215031368;4.1346127631847196e-05
2.9899999999999802;0.01;1.7089552896378009;4.1368134664043765e-05
2.99999999999998;0.01;1.7089966798099994;4.139017219850771e-05
3.00999999999998;0.01;1.7090380920503012;4.141224030185242e-05
3.0199999999999796;0.01;1.7090795263893468;4.143433904557625e-05
3.0299999999999794;0.01;1.7091209828578438;4.145646849695872e-05
3.039999999999979;0.01;1.709162461486572;4.1478628728164324e-05
3.049999999999979;0.01;1.70920396230638;4.150081980802689e-05
3.0599999999999787;0.01;1.7092454853481873;4.152304180737865e-05
3.0699999999999785;0.01;1.7092870306429826;4.154529479527547e-05
3.0799999999999783;0.01;1.7093285982218267;4.156757884410389e-05
3.089999999999978;0.01;1.7093701881158507;4.1589894024030016e-05
3.099999999999978;0.01;1.7094118003562568;4.1612240406108114e-05
3.1099999999999777;0.01;1.7094534349743187;4.163461806183655e-05
3.1199999999999775;0.01;1.7094950920013818;4.165702706315777e-05
3.1299999999999772;0.01;1.7095367714688627;4.167946748090401e-05
3.139999999999977;0.01;1.7095784734082509;4.170193938812794e-05
3.149999999999977;0.01;1.7096201978511079;4.172444285699406e-05
3.1599999999999766;0.01;1.7096619448290669;4.174697795900073e-05
3.1699999999999764;0.01;1.7097037143738354;4.1769544768532896e-05
3.179999999999976;0.01;1.709745506517193;4.179214335753301e-05
3.189999999999976;0.01;1.7097873212909913;4.1814773798387606e-05
3.1999999999999758;0.01;1.7098291587271581;4.18374361668139e-05
3.2099999999999755;0.01;1.7098499526306605;2.0793903502402955e-05
3.2199999999999753;0.01;1.7098609191061895;1.0966475529006203e-05
3.229999999999975;0.01;1.7098692221474798;8.303041290291802e-06
3.239999999999975;0.01;1.7098763316109493;7.1094634694901515e-06
3.2499999999999747;0.01;1.709882629343783;6.297732833671077e-06
3.2599999999999745;0.01;1.7098882632200465;5.633876263511084e-06
3.2699999999999743;0.01;1.7098933215890721;5.058369025645604e-06
3.279999999999974;0.01;1.7098978714552815;4.549866209346831e-06
3.289999999999974;0.01;1.7099019683968337;4.096941552234057e-06
3.2999999999999736;0.01;1.7099056601178477;3.6917210139986167e-06
3.3099999999999734;0.01;1.7099089882570708;3.3281392231021556e-06
3.319999999999973;0.01;1.709911989537925;3.001280854064703e-06
3.329999999999973;0.01;1.70991469658057;2.707042645155866e-06
3.3399999999999728;0.01;1.7099171385072505;2.44192668041876e-06
3.3499999999999726;0.01;1.709919341410836;2.202903585546423e-06
3.3599999999999723;0.01;1.7099213287290556;1.9873182195428996e-06
3.369999999999972;0.01;1.709923121551703;1.7928226474506204e-06
3.379999999999972;0.01;1.709924738878748;1.6173270449559851e-06
3.3899999999999717;0.01;1.709926197841352;1.4589626040617532e-06
3.3999999999999715;0.01;1.7099275138939563;1.3160526042277354e-06
3.4099999999999713;0.01;1.7099287009831479;1.187089191612145e-06
3.419999999999971;0.01;1.7099297716973507;1.0707142028554273e-06
3.429999999999971;0.01;1.7099307374003427;9.657029920173699e-07
3.4399999999999706;0.01;1.7099316083508578;8.70950515041713e-07
3.4499999999999704;0.01;1.7099323938100548;7.854591970168912e-07
3.45999999999997;0.01;1.7099331021382906;7.083282358433252e-07
3.46999999999997;0.01;1.709933740882374;6.387440834032532e-07
3.47999999999997;0.01;1.709934316854334;5.759719599041091e-07
3.4899999999999696;0.01;1.7099348362025408;5.193482068843736e-07
3.4999999999999694;0.01;1.7099353044759769;4.682734360272889e-07
3.509999999999969;0.01;1.7099357266823036;4.222063267889098e-07
3.519999999999969;0.01;1.7099361073403427;3.8065803908970963e-07
3.5299999999999687;0.01;1.7099364505275088;3.4318716601866583e-07
3.5399999999999685;0.01;1.7099367599226702;3.093951614907553e-07
3.5499999999999683;0.01;1.7099370388448818;2.789222115495704e-07
3.559999999999968;0.01;1.709937290288386;2.5144350424000095e-07
3.569999999999968;0.01;1.7099375169542288;2.2666584276187507e-07
3.5799999999999677;0.01;1.7099377212788285;2.0432459968411365e-07
3.5899999999999674;0.01;1.7099379054597754;1.841809469382838e-07
3.5999999999999672;0.01;1.709938071479137;1.6601936159155173e-07
3.609999999999967;0.01;1.7099382211245022;1.4964536521056004e-07
3.619999999999967;0.01;1.7099383560079846;1.3488348238333003e-07
3.6299999999999666;0.01;1.70993847758338;1.2157539530655015e-07
3.6399999999999664;0.01;1.7099385871616555;1.095782755644592e-07
3.649999999999966;0.01;1.7099386859249328;9.876327733415735e-08
3.659999999999966;0.01;1.7099387749391088;8.901417603013329e-08
3.6699999999999657;0.01;1.709938855165246;8.022613706692994e-08
3.6799999999999655;0.01;1.7099389274698498;7.2304603859763e-08
3.6899999999999653;0.01;1.709938992634149;6.516429928993261e-08
3.699999999999965;0.01;1.7099390513624626;5.8728313545586275e-08
3.709999999999965;0.01;1.7099391042897518;5.2927289218018814e-08
3.7199999999999647;0.01;1.7099391519884348;4.7698683003361e-08
3.7299999999999645;0.01;1.7099391949745302;4.2986095349917264e-08
3.7399999999999642;0.01;1.709939233713205;3.873867493453531e-08
3.749999999999964;0.01;1.709939268623771;3.491056599358444e-08
3.759999999999964;0.01;1.7099393000842011;3.146043003887655e-08
3.7699999999999636;0.01;1.7099393284351934;2.8350992220538274e-08
3.7799999999999634;0.01;1.70993935398384;2.5548646531703412e-08
3.789999999999963;0.01;1.7099393770069402;2.3023100315100464e-08
3.799999999999963;0.01;1.70993939775398;2.0747039863877603e-08
3.8099999999999627;0.01;1.7099394164498252;1.8695845094285346e-08
3.8199999999999625;0.01;1.7099394332971463;1.68473210937492e-08
3.8299999999999623;0.01;1.7099394484786063;1.518146008905319e-08
3.839999999999962;0.01;1.7099394621588355;1.3680229171697533e-08
3.849999999999962;0.01;1.7099394744862053;1.2327369791620413e-08
3.8599999999999617;0.01;1.7099394855944359;1.1108230557610455e-08
3.8699999999999615;0.01;1.7099394956040388;1.0009602924299088e-08
3.8799999999999613;0.01;1.7099395046236225;9.019583746550097e-09
3.889999999999961;0.01;1.709939512751065;8.127442496785875e-09
3.899999999999961;0.01;1.709939520074573;7.3235080222389115e-09
3.9099999999999606;0.01;1.7099395266736388;6.599065738299714e-09
3.9199999999999604;0.01;1.7099395326198976;5.946258818667616e-09
3.92999999999996;0.01;1.7099395379779054;5.358007815203791e-09
3.93999999999996;0.01;1.7099395428058384;4.827932942319535e-09
3.9499999999999598;0.01;1.70993954715612;4.350281690435054e-09
3.9599999999999596;0.01;1.7099395510759934;3.919873314828237e-09
3.9699999999999593;0.01;1.7099395546080298;3.532036441100672e-09
3.979999999999959;0.01;1.709939557790593;3.1825631019444245e-09
3.989999999999959;0.01;1.7099395606582515;2.8676585550613254e-09
3.9999999999999587;0.01;1.709939563242157;2.5839055339815786e-09
4.009999999999959;0.01;1.7099395655703804;2.3282233918564543e-09
4.019999999999959;0.01;1.7099395676682163;2.097835904990575e-09
4.0299999999999585;0.01;1.7099395695584576;1.8902412968202498e-09
4.039999999999958;0.01;1.7099395712616434;1.7031858146054901e-09
4.049999999999958;0.01;1.7099395727962812;1.5346377502112318e-09
4.059999999999958;0.01;1.709939574179047;1.3827659017806582e-09
4.069999999999958;0.01;1.7099395754249687;1.2459215881222008e-09
4.079999999999957;0.01;1.7099395765475867;1.1226179985612816e-09
4.089999999999957;0.01;1.7099395775591013;1.0115146498179683e-09
4.099999999999957;0.01;1.7099395784705071;9.11405839687518e-10
4.109999999999957;0.01;1.709939579291711;8.212037716504028e-10
4.119999999999957;0.01;1.7099395800316386;7.39927674686669e-10
4.129999999999956;0.01;1.7099395806983326;6.666940333133198e-10
4.139999999999956;0.01;1.709939581299041;6.007083719339334e-10
4.149999999999956;0.01;1.7099395818402936;5.412525982961824e-10
4.159999999999956;0.01;1.7099395823279748;4.876812287335497e-10
4.1699999999999555;0.01;1.7099395827673862;4.39411396158107e-10
4.179999999999955;0.01;1.7099395831633055;3.959192973468362e-10
4.189999999999955;0.01;1.709939583520036;3.5673042297901247e-10
4.199999999999955;0.01;1.7099395838414573;3.2142133399304385e-10
4.209999999999955;0.01;1.7099395841310636;2.896063389101755e-10
4.2199999999999545;0.01;1.709939584392004;2.6094038041435397e-10
4.229999999999954;0.01;1.7099395846271155;2.3511148583565955e-10
4.239999999999954;0.01;1.709939584838955;2.1183943488267687e-10
4.249999999999954;0.01;1.7099395850298251;1.908702085273717e-10
4.259999999999954;0.01;1.709939585201802;1.7197687718351062e-10
4.269999999999953;0.01;1.7099395853567556;1.5495360550232817e-10
4.279999999999953;0.01;1.709939585496371;1.3961543032792179e-10
4.289999999999953;0.01;1.709939585622166;1.2579493002817799e-10
4.299999999999953;0.01;1.7099395857355084;1.133424465393773e-10
4.3099999999999525;0.01;1.709939585837632;1.021236428755401e-10
4.319999999999952;0.01;1.709939585929646;9.201395201330342e-11
4.329999999999952;0.01;1.7099395860125517;8.290568231927864e-11
4.339999999999952;0.01;1.7099395860872504;7.469869167664456e-11
4.349999999999952;0.01;1.7099395861545552;6.730482837724594e-11
4.3599999999999515;0.01;1.7099395862151967;6.064149182805068e-11
4.369999999999951;0.01;1.7099395862698357;5.4638960023112304e-11
4.379999999999951;0.01;1.7099395863190656;4.922995344713854e-11
4.389999999999951;0.01;1.7099395863634228;4.435718459205873e-11
4.399999999999951;0.01;1.7099395864033884;3.996558639585146e-11
4.40999999999995;0.01;1.7099395864393978;3.600941766990218e-11
4.41999999999995;0.01;1.7099395864718425;3.2444713582435725e-11
4.42999999999995;0.01;1.7099395865010758;2.9233282461405e-11
4.43999999999995;0.01;1.7099395865274147;2.6338931036207214e-11
4.4499999999999496;0.01;1.7099395865511466;2.373190532978242e-11
4.459999999999949;0.01;1.7099395865725289;2.138222932046574e-11
4.469999999999949;0.01;1.7099395865917943;1.9265478101715416e-11
4.479999999999949;0.01;1.709939586609153;1.7358559034619248e-11
4.489999999999949;0.01;1.7099395866247928;1.5639933792499505e-11
4.4999999999999485;0.01;1.7099395866388847;1.4091838806962187e-11
4.509999999999948;0.01;1.7099395866515816;1.269695459882314e-11
4.519999999999948;0.01;1.7099395866630214;1.1439738045737613e-11
4.529999999999948;0.01;1.7099395866733291;1.0307754649829803e-11
4.539999999999948;0.01;1.709939586682616;9.28679355638451e-12
4.549999999999947;0.01;1.7099395866909837;8.367750936599805e-12
4.559999999999947;0.01;1.7099395866985228;7.539080471019588e-12
4.569999999999947;0.01;1.7099395867053158;6.793010598471483e-12
4.579999999999947;0.01;1.7099395867114362;6.120437490153563e-12
4.589999999999947;0.01;1.7099395867169505;5.5142557187082275e-12
4.599999999999946;0.01;1.709939586721919;4.9684700798025005e-12
4.609999999999946;0.01;1.709939586726396;4.477085369103406e-12
4.619999999999946;0.01;1.7099395867304297;4.033662293068119e-12
4.629999999999946;0.01;1.7099395867340639;3.6342040488079874e-12
4.6399999999999455;0.01;1.7099395867373386;3.2747138334343617e-12
4.649999999999945;0.01;1.709939586740289;2.950306665638891e-12
4.659999999999945;0.01;1.7099395867429468;2.6578739209526248e-12
4.669999999999945;0.01;1.7099395867453422;2.3954171979312378e-12
4.679999999999945;0.01;1.7099395867475;2.1578294706614543e-12
4.689999999999944;0.01;1.7099395867494445;1.944444605328499e-12
4.699999999999944;0.01;1.7099395867511964;1.751931932858497e-12
4.709999999999944;0.01;1.7099395867527747;1.5782930518071225e-12
4.719999999999944;0.01;1.7099395867541969;1.4221956945448255e-12
4.729999999999944;0.01;1.7099395867554783;1.2814194150223557e-12
4.739999999999943;0.01;1.709939586756633;1.1546319456101628e-12
4.749999999999943;0.01;1.709939586757673;1.0400569294688466e-12
4.759999999999943;0.01;1.7099395867586102;9.372502773885572e-13
4.769999999999943;0.01;1.7099395867594547;8.444356325298941e-13
4.7799999999999425;0.01;1.7099395867602158;7.611689056830073e-13
4.789999999999942;0.01;1.709939586760901;6.852296507986466e-13
4.799999999999942;0.01;1.7099395867615188;6.177280909014371e-13
4.809999999999942;0.01;1.7099395867620755;5.566658245470535e-13
4.819999999999942;0.01;1.7099395867625766;5.011546733157957e-13
4.8299999999999415;0.01;1.7099395867630283;4.516387264175137e-13
4.839999999999941;0.01;1.7099395867634355;4.072298054325074e-13
4.849999999999941;0.01;1.7099395867638023;3.668176873361517e-13
4.859999999999941;0.01;1.709939586764133;3.306244167333716e-13
4.869999999999941;0.01;1.7099395867644307;2.97761815204467e-13
4.87999999999994;0.01;1.7099395867646991;2.6845192735436285e-13
4.88999999999994;0.01;1.7099395867649405;2.4136248555350903e-13
4.89999999999994;0.01;1.7099395867651583;2.1782575743145571e-13
4.90999999999994;0.01;1.7099395867653548;1.965094753586527e-13
4.9199999999999395;0.01;1.7099395867655316;1.7674750552032492e-13
4.929999999999939;0.01;1.7099395867656908;1.5920598173124745e-13
4.939999999999939;0.01;1.7099395867658342;1.4344081478157023e-13
4.949999999999939;0.01;1.7099395867659637;1.2945200467129325e-13
4.959999999999939;0.01;1.7099395867660803;1.1657341758564144e-13
4.9699999999999385;0.01;1.709939586766185;1.0480505352461478e-13
4.979999999999938;0.01;1.7099395867662797;9.459100169806334e-14
4.989999999999938;0.01;1.709939586766365;8.526512829121202e-14
4.999999999999938;0.01;1.7099395867664415;7.66053886991358e-14
5.009999999999938;0.01;1.7099395867665108;6.927791673660977e-14
5.019999999999937;0.01;1.709939586766573;6.217248937900877e-14
5.029999999999937;0.01;1.7099395867666294;5.639932965095795e-14
5.039999999999937;0.01;1.70993958676668;5.062616992290714e-14
5.049999999999937;0.01;1.7099395867667255;4.551914400963142e-14
5.0599999999999365;0.01;1.7099395867667666;4.107825191113079e-14
5.069999999999936;0.01;1.7099395867668037;3.708144902248023e-14
5.079999999999936;0.01;1.7099395867668368;3.3084646133829665e-14
5.089999999999936;0.01;1.709939586766867;3.019806626980426e-14
5.099999999999936;0.01;1.709939586766894;2.708944180085382e-14
5.1099999999999355;0.01;1.7099395867669183;2.4202861936828413e-14
5.119999999999935;0.01;1.7099395867669405;2.220446049250313e-14
5.129999999999935;0.01;1.70993958676696;1.9539925233402755e-14
5.139999999999935;0.01;1.7099395867669782;1.8207657603852567e-14
5.149999999999935;0.01;1.709939586766994;1.5765166949677223e-14
5.159999999999934;0.01;1.7099395867670084;1.4432899320127035e-14
5.169999999999934;0.01;1.7099395867670217;1.3322676295501878e-14
5.179999999999934;0.01;1.7099395867670335;1.176836406102666e-14
5.189999999999934;0.01;1.7099395867670442;1.0658141036401503e-14
5.199999999999934;0.01;1.7099395867670535;9.325873406851315e-15
5.209999999999933;0.01;1.7099395867670624;8.881784197001252e-15
5.219999999999933;0.01;1.7099395867670701;7.771561172376096e-15
5.229999999999933;0.01;1.7099395867670768;6.661338147750939e-15
5.239999999999933;0.01;1.7099395867670835;6.661338147750939e-15
5.2499999999999325;0.01;1.7099395867670888;5.329070518200751e-15
5.259999999999932;0.01;1.709939586767094;5.10702591327572e-15
5.269999999999932;0.01;1.7099395867670986;4.6629367034256575e-15
5.279999999999932;0.01;1.7099395867671028;4.218847493575595e-15
5.289999999999932;0.01;1.7099395867671063;3.552713678800501e-15
5.299999999999931;0.01;1.7099395867671099;3.552713678800501e-15
5.309999999999931;0.01;1.709939586767113;3.1086244689504383e-15
5.319999999999931;0.01;1.7099395867671154;2.4424906541753444e-15
5.329999999999931;0.01;1.709939586767118;2.6645352591003757e-15
5.339999999999931;0.01;1.7099395867671203;2.220446049250313e-15
5.34999999999993;0.01;1.7099395867671223;1.9984014443252818e-15
5.35999999999993;0.01;1.7099395867671243;1.9984014443252818e-15
5.36999999999993;0.01;1.7099395867671259;1.5543122344752192e-15
5.37999999999993;0.01;1.709939586767127;1.1102230246251565e-15
5.3899999999999295;0.01;1.7099395867671283;1.3322676295501878e-15
5.399999999999929;0.01;1.7099395867671299;1.5543122344752192e-15
5.409999999999929;0.01;1.7099395867671308;8.881784197001252e-16
5.419999999999929;0.01;1.7099395867671319;1.1102230246251565e-15
5.429999999999929;0.01;1.7099395867671325;6.661338147750939e-16
5.4399999999999284;0.01;1.7099395867671332;6.661338147750939e-16
5.449999999999928;0.01;1.709939586767134;8.881784197001252e-16
5.459999999999928;0.01;1.7099395867671345;4.440892098500626e-16
5.469999999999928;0.01;1.7099395867671352;6.661338147750939e-16
5.479999999999928;0.01;1.7099395867671359;6.661338147750939e-16
5.489999999999927;0.01;1.709939586767136;2.220446049250313e-16
5.499999999999927;0.01;1.7099395867671365;4.440892098500626e-16
5.509999999999927;0.01;1.7099395867671368;2.220446049250313e-16
5.519999999999927;0.01;1.7099395867671374;6.661338147750939e-16
5.5299999999999265;0.01;1.7099395867671379;4.440892098500626e-16
5.539999999999926;0.01;1.7099395867671379;0.0
5.549999999999926;0.01;1.7099395867671383;4.440892098500626e-16
5.559999999999926;0.01;1.7099395867671388;4.440892098500626e-16
5.561999999999926;0.002;1.7099395867671388;0.0
5.5639999999999254;0.002;1.7099395867671388;0.0
5.5640031999999255;3.2000000000000007e-06;1.7099395867671388;0.0
5.564003200204725;2.0480000000000003e-10;1.7099395867671388;0.0
5.564003200409525;2.0480000000000003e-10;1.7099395867671388;0.0
5.564003200614325;2.0480000000000003e-10;1.7099395867671388;0.0
5.5640032008191245;2.0480000000000003e-10;1.7099395867671388;0.0
5.564003201023924;2.0480000000000003e-10;1.7099395867671388;0.0
5.564003201228724;2.0480000000000003e-10;1.7099395867671388;0.0
5.564003201433524;2.0480000000000003e-10;1.7099395867671388;0.0
5.564003201638323;2.0480000000000003e-10;1.7099395867671388;0.0
5.564003201843123;2.0480000000000003e-10;1.7099395867671388;0.0
5.564003202047923;2.0480000000000003e-10;1.7099395867671388;0.0
5.564003202252723;2.0480000000000003e-10;1.7099395867671388;0.0
5.564003202457522;2.0480000000000003e-10;1.7099395867671388;0.0
5.564003202662322;2.0480000000000003e-10;1.7099395867671388;0.0
5.564003202867122;2.0480000000000003e-10;1.7099395867671388;0.0
5.5640032030719215;2.0480000000000003e-10;1.7099395867671388;0.0
5.564003203276721;2.0480000000000003e-10;1.7099395867671388;0.0
5.564003203481521;2.0480000000000003e-10;1.7099395867671388;0.0
5.564003203686321;2.0480000000000003e-10;1.7099395867671388;0.0
5.5640032038911205;2.0480000000000003e-10;1.7099395867671388;0.0
5.56400320409592;2.0480000000000003e-10;1.7099395867671388;0.0
5.56400320430072;2.0480000000000003e-10;1.7099395867671388;0.0
5.56400320450552;2.0480000000000003e-10;1.7099395867671388;0.0
5.564003204710319;2.0480000000000003e-10;1.7099395867671388;0.0
5.564003204915119;2.0480000000000003e-10;1.7099395867671388;0.0
5.564003205119919;2.0480000000000003e-10;1.7099395867671388;0.0
5.564003205324719;2.0480000000000003e-10;1.7099395867671388;0.0
5.564003205529518;2.0480000000000003e-10;1.7099395867671388;0.0
5.564003205734318;2.0480000000000003e-10;1.7099395867671388;0.0
5.564003205939118;2.0480000000000003e-10;1.7099395867671388;0.0
5.5640032061439175;2.0480000000000003e-10;1.7099395867671388;0.0
5.564003206348717;2.0480000000000003e-10;1.7099395867671388;0.0
5.564003206553517;2.0480000000000003e-10;1.7099395867671388;0.0
5.564003206758317;2.0480000000000003e-10;1.7099395867671388;0.0
5.5640032069631165;2.0480000000000003e-10;1.7099395867671388;0.0
5.564003207167916;2.0480000000000003e-10;1.7099395867671388;0.0
5.564003207372716;2.0480000000000003e-10;1.7099395867671388;0.0
5.564003207577516;2.0480000000000003e-10;1.7099395867671388;0.0
5.564003207782315;2.0480000000000003e-10;1.7099395867671388;0.0
5.564003207987115;2.0480000000000003e-10;1.7099395867671388;0.0
5.564003208191915;2.0480000000000003e-10;1.7099395867671388;0.0
5.564003208396715;2.0480000000000003e-10;1.7099395867671388;0.0
5.564003208601514;2.0480000000000003e-10;1.7099395867671388;0.0
5.564003208806314;2.0480000000000003e-10;1.7099395867671388;0.0
5.564003209011114;2.0480000000000003e-10;1.7099395867671388;0.0
5.5640032092159135;2.0480000000000003e-10;1.7099395867671388;0.0
5.564003209420713;2.0480000000000003e-10;1.7099395867671388;0.0
5.564003209625513;2.0480000000000003e-10;1.7099395867671388;0.0
5.564003209830313;2.0480000000000003e-10;1.7099395867671388;0.0
5.5640032100351124;2.0480000000000003e-10;1.7099395867671388;0.0
5.564003210239912;2.0480000000000003e-10;1.7099395867671388;0.0
5.564003210444712;2.0480000000000003e-10;1.7099395867671388;0.0
5.564003210649512;2.0480000000000003e-10;1.7099395867671388;0.0
5.564003210854311;2.0480000000000003e-10;1.7099395867671388;0.0
5.564003211059111;2.0480000000000003e-10;1.7099395867671388;0.0
5.564003211263911;2.0480000000000003e-10;1.7099395867671388;0.0
5.564003211468711;2.0480000000000003e-10;1.7099395867671388;0.0
5.56400321167351;2.0480000000000003e-10;1.7099395867671388;0.0
5.56400321187831;2.0480000000000003e-10;1.7099395867671388;0.0
5.56400321208311;2.0480000000000003e-10;1.7099395867671388;0.0
5.5640032122879095;2.0480000000000003e-10;1.7099395867671388;0.0
5.564003212492709;2.0480000000000003e-10;1.7099395867671388;0.0
5.564003212697509;2.0480000000000003e-10;1.7099395867671388;0.0
5.564003212902309;2.0480000000000003e-10;1.7099395867671388;0.0
5.564003213107108;2.0480000000000003e-10;1.7099395867671388;0.0
5.564003213311908;2.0480000000000003e-10;1.7099395867671388;0.0
5.564003213516708;2.0480000000000003e-10;1.7099395867671388;0.0
5.564003213721508;2.0480000000000003e-10;1.7099395867671388;0.0
5.564003213926307;2.0480000000000003e-10;1.7099395867671388;0.0
5.564003214131107;2.0480000000000003e-10;1.7099395867671388;0.0
5.564003214335907;2.0480000000000003e-10;1.7099395867671388;0.0
5.564003214540707;2.0480000000000003e-10;1.7099395867671388;0.0
5.564003214745506;2.0480000000000003e-10;1.7099395867671388;0.0
5.564003214950306;2.0480000000000003e-10;1.7099395867671388;0.0
5.564003215155106;2.0480000000000003e-10;1.7099395867671388;0.0
5.5640032153599055;2.0480000000000003e-10;1.7099395867671388;0.0
5.564003215564705;2.0480000000000003e-10;1.7099395867671388;0.0
5.564003215769505;2.0480000000000003e-10;1.7099395867671388;0.0
5.564003215974305;2.0480000000000003e-10;1.7099395867671388;0.0
5.564003216179104;2.0480000000000003e-10;1.7099395867671388;0.0
5.564003216383904;2.0480000000000003e-10;1.7099395867671388;0.0
5.564003216588704;2.0480000000000003e-10;1.7099395867671388;0.0
5.564003216793504;2.0480000000000003e-10;1.7099395867671388;0.0
5.564003216998303;2.0480000000000003e-10;1.7099395867671388;0.0
5.564003217203103;2.0480000000000003e-10;1.7099395867671388;0.0
5.564003217407903;2.0480000000000003e-10;1.7099395867671388;0.0
5.564003217612703;2.0480000000000003e-10;1.7099395867671388;0.0
5.564003217817502;2.0480000000000003e-10;1.7099395867671388;0.0
5.564003218022302;2.0480000000000003e-10;1.7099395867671388;0.0
5.564003218227102;2.0480000000000003e-10;1.7099395867671388;0.0
5.5640032184319015;2.0480000000000003e-10;1.7099395867671388;0.0
5.564003218636701;2.0480000000000003e-10;1.7099395867671388;0.0
5.564003218841501;2.0480000000000003e-10;1.7099395867671388;0.0
5.564003219046301;2.0480000000000003e-10;1.7099395867671388;0.0
5.5640032192511;2.0480000000000003e-10;1.7099395867671388;0.0
5.5640032194559;2.0480000000000003e-10;1.7099395867671388;0.0
5.5640032196607;2.0480000000000003e-10;1.7099395867671388;0.0
5.5640032198655;2.0480000000000003e-10;1.7099395867671388;0.0
5.564003220070299;2.0480000000000003e-10;1.7099395867671388;0.0
5.564003220275099;2.0480000000000003e-10;1.7099395867671388;0.0
5.564003220479899;2.0480000000000003e-10;1.7099395867671388;0.0
5.5640032206846985;2.0480000000000003e-10;1.7099395867671388;0.0
5.564003220889498;2.0480000000000003e-10;1.7099395867671388;0.0
5.564003221094298;2.0480000000000003e-10;1.7099395867671388;0.0
5.564003221299098;2.0480000000000003e-10;1.7099395867671388;0.0
5.5640032215038975;2.0480000000000003e-10;1.7099395867671388;0.0
5.564003221708697;2.0480000000000003e-10;1.7099395867671388;0.0
5.564003221913497;2.0480000000000003e-10;1.7099395867671388;0.0
5.564003222118297;2.0480000000000003e-10;1.7099395867671388;0.0
5.564003222323096;2.0480000000000003e-10;1.7099395867671388;0.0
5.564003222527896;2.0480000000000003e-10;1.7099395867671388;0.0
5.564003222732696;2.0480000000000003e-10;1.7099395867671388;0.0
5.564003222937496;2.0480000000000003e-10;1.7099395867671388;0.0
5.564003223142295;2.0480000000000003e-10;1.7099395867671388;0.0
5.564003223347095;2.0480000000000003e-10;1.7099395867671388;0.0
5.564003223551895;2.0480000000000003e-10;1.7099395867671388;0.0
5.5640032237566945;2.0480000000000003e-10;1.7099395867671388;0.0
5.564003223961494;2.0480000000000003e-10;1.7099395867671388;0.0
5.564003224166294;2.0480000000000003e-10;1.7099395867671388;0.0
5.564003224371094;2.0480000000000003e-10;1.7099395867671388;0.0
5.5640032245758935;2.0480000000000003e-10;1.7099395867671388;0.0
5.564003224780693;2.0480000000000003e-10;1.7099395867671388;0.0
5.564003224985493;2.0480000000000003e-10;1.7099395867671388;0.0
5.564003225190293;2.0480000000000003e-10;1.7099395867671388;0.0
5.564003225395092;2.0480000000000003e-10;1.7099395867671388;0.0
5.564003225599892;2.0480000000000003e-10;1.7099395867671388;0.0
5.564003225804692;2.0480000000000003e-10;1.7099395867671388;0.0
5.564003226009492;2.0480000000000003e-10;1.7099395867671388;0.0
5.564003226214291;2.0480000000000003e-10;1.7099395867671388;0.0
5.564003226419091;2.0480000000000003e-10;1.7099395867671388;0.0
5.564003226623891;2.0480000000000003e-10;1.7099395867671388;0.0
5.5640032268286905;2.0480000000000003e-10;1.7099395867671388;0.0
5.56400322703349;2.0480000000000003e-10;1.7099395867671388;0.0
5.56400322723829;2.0480000000000003e-10;1.7099395867671388;0.0
5.56400322744309;2.0480000000000003e-10;1.7099395867671388;0.0
5.5640032276478895;2.0480000000000003e-10;1.7099395867671388;0.0
5.564003227852689;2.0480000000000003e-10;1.7099395867671388;0.0
5.564003228057489;2.0480000000000003e-10;1.7099395867671388;0.0
5.564003228262289;2.0480000000000003e-10;1.7099395867671388;0.0
5.564003228467088;2.0480000000000003e-10;1.7099395867671388;0.0
5.564003228671888;2.0480000000000003e-10;1.7099395867671388;0.0
5.564003228876688;2.0480000000000003e-10;1.7099395867671388;0.0
5.564003229081488;2.0480000000000003e-10;1.7099395867671388;0.0
5.564003229286287;2.0480000000000003e-10;1.7099395867671388;0.0
5.564003229491087;2.0480000000000003e-10;1.7099395867671388;0.0
5.564003229695887;2.0480000000000003e-10;1.7099395867671388;0.0
5.5640032299006865;2.0480000000000003e-10;1.7099395867671388;0.0
5.564003230105486;2.0480000000000003e-10;1.7099395867671388;0.0
5.564003230310286;2.0480000000000003e-10;1.7099395867671388;0.0
5.564003230515086;2.0480000000000003e-10;1.7099395867671388;0.0
5.5640032307198855;2.0480000000000003e-10;1.7099395867671388;0.0
5.564003230924685;2.0480000000000003e-10;1.7099395867671388;0.0
5.564003231129485;2.0480000000000003e-10;1.7099395867671388;0.0
5.564003231334285;2.0480000000000003e-10;1.7099395867671388;0.0
5.564003231539084;2.0480000000000003e-10;1.7099395867671388;0.0
5.564003231743884;2.0480000000000003e-10;1.7099395867671388;0.0
5.564003231948684;2.0480000000000003e-10;1.7099395867671388;0.0
5.564003232153484;2.0480000000000003e-10;1.7099395867671388;0.0
5.564003232358283;2.0480000000000003e-10;1.7099395867671388;0.0
5.564003232563083;2.0480000000000003e-10;1.7099395867671388;0.0
5.564003232767883;2.0480000000000003e-10;1.7099395867671388;0.0
5.5640032329726825;2.0480000000000003e-10;1.7099395867671388;0.0
5.564003233177482;2.0480000000000003e-10;1.7099395867671388;0.0
5.564003233382282;2.0480000000000003e-10;1.7099395867671388;0.0
5.564003233587082;2.0480000000000003e-10;1.7099395867671388;0.0
5.564003233791881;2.0480000000000003e-10;1.7099395867671388;0.0
5.564003233996681;2.0480000000000003e-10;1.7099395867671388;0.0
5.564003234201481;2.0480000000000003e-10;1.7099395867671388;0.0
5.564003234406281;2.0480000000000003e-10;1.7099395867671388;0.0
5.56400323461108;2.0480000000000003e-10;1.7099395867671388;0.0
5.56400323481588;2.0480000000000003e-10;1.7099395867671388;0.0
5.56400323502068;2.0480000000000003e-10;1.7099395867671388;0.0
5.56400323522548;2.0480000000000003e-10;1.7099395867671388;0.0
5.564003235430279;2.0480000000000003e-10;1.7099395867671388;0.0
5.564003235635079;2.0480000000000003e-10;1.7099395867671388;0.0
5.564003235839879;2.0480000000000003e-10;1.7099395867671388;0.0
5.5640032360446785;2.0480000000000003e-10;1.7099395867671388;0.0
5.564003236249478;2.0480000000000003e-10;1.7099395867671388;0.0
5.564003236454278;2.0480000000000003e-10;1.7099395867671388;0.0
5.564003236659078;2.0480000000000003e-10;1.7099395867671388;0.0
5.564003236863877;2.0480000000000003e-10;1.7099395867671388;0.0
5.564003237068677;2.0480000000000003e-10;1.7099395867671388;0.0
5.564003237273477;2.0480000000000003e-10;1.7099395867671388;0.0
5.564003237478277;2.0480000000000003e-10;1.7099395867671388;0.0
5.564003237683076;2.0480000000000003e-10;1.7099395867671388;0.0
5.564003237887876;2.0480000000000003e-10;1.7099395867671388;0.0
5.564003238092676;2.0480000000000003e-10;1.7099395867671388;0.0
5.564003238297476;2.0480000000000003e-10;1.7099395867671388;0.0
5.564003238502275;2.0480000000000003e-10;1.7099395867671388;0.0
5.564003238707075;2.0480000000000003e-10;1.7099395867671388;0.0
5.564003238911875;2.0480000000000003e-10;1.7099395867671388;0.0
5.5640032391166745;2.0480000000000003e-10;1.7099395867671388;0.0
5.564003239321474;2.0480000000000003e-10;1.7099395867671388;0.0
5.564003239526274;2.0480000000000003e-10;1.7099395867671388;0.0
5.564003239731074;2.0480000000000003e-10;1.7099395867671388;0.0
5.564003239935873;2.0480000000000003e-10;1.7099395867671388;0.0
5.564003240140673;2.0480000000000003e-10;1.7099395867671388;0.0
5.564003240345473;2.0480000000000003e-10;1.7099395867671388;0.0
5.564003240550273;2.0480000000000003e-10;1.7099395867671388;0.0
5.564003240755072;2.0480000000000003e-10;1.7099395867671388;0.0
5.564003240959872;2.0480000000000003e-10;1.7099395867671388;0.0
5.564003241164672;2.0480000000000003e-10;1.7099395867671388;0.0
5.5640032413694716;2.0480000000000003e-10;1.7099395867671388;0.0
5.564003241574271;2.0480000000000003e-10;1.7099395867671388;0.0
5.564003241779071;2.0480000000000003e-10;1.7099395867671388;0.0
5.564003241983871;2.0480000000000003e-10;1.7099395867671388;0.0
5.5640032421886705;2.0480000000000003e-10;1.7099395867671388;0.0
5.56400324239347;2.0480000000000003e-10;1.7099395867671388;0.0
5.56400324259827;2.0480000000000003e-10;1.7099395867671388;0.0
5.56400324280307;2.0480000000000003e-10;1.7099395867671388;0.0
5.564003243007869;2.0480000000000003e-10;1.7099395867671388;0.0
5.564003243212669;2.0480000000000003e-10;1.7099395867671388;0.0
5.564003243417469;2.0480000000000003e-10;1.7099395867671388;0.0
5.564003243622269;2.0480000000000003e-10;1.7099395867671388;0.0
5.564003243827068;2.0480000000000003e-10;1.7099395867671388;0.0
5.564003244031868;2.0480000000000003e-10;1.7099395867671388;0.0
5.564003244236668;2.0480000000000003e-10;1.7099395867671388;0.0
5.5640032444414675;2.0480000000000003e-10;1.7099395867671388;0.0
5.564003244646267;2.0480000000000003e-10;1.7099395867671388;0.0
5.564003244851067;2.0480000000000003e-10;1.7099395867671388;0.0
5.564003245055867;2.0480000000000003e-10;1.7099395867671388;0.0
5.5640032452606665;2.0480000000000003e-10;1.7099395867671388;0.0
5.564003245465466;2.0480000000000003e-10;1.7099395867671388;0.0
5.564003245670266;2.0480000000000003e-10;1.7099395867671388;0.0
5.564003245875066;2.0480000000000003e-10;1.7099395867671388;0.0
5.564003246079865;2.0480000000000003e-10;1.7099395867671388;0.0
5.564003246284665;2.0480000000000003e-10;1.7099395867671388;0.0
5.564003246489465;2.0480000000000003e-10;1.7099395867671388;0.0
5.564003246694265;2.0480000000000003e-10;1.7099395867671388;0.0
5.564003246899064;2.0480000000000003e-10;1.7099395867671388;0.0
5.564003247103864;2.0480000000000003e-10;1.7099395867671388;0.0
5.564003247308664;2.0480000000000003e-10;1.7099395867671388;0.0
5.5640032475134635;2.0480000000000003e-10;1.7099395867671388;0.0
5.564003247718263;2.0480000000000003e-10;1.7099395867671388;0.0
5.564003247923063;2.0480000000000003e-10;1.7099395867671388;0.0
5.564003248127863;2.0480000000000003e-10;1.7099395867671388;0.0
5.5640032483326625;2.0480000000000003e-10;1.7099395867671388;0.0
5.564003248537462;2.0480000000000003e-10;1.7099395867671388;0.0
5.564003248742262;2.0480000000000003e-10;1.7099395867671388;0.0
5.564003248947062;2.0480000000000003e-10;1.7099395867671388;0.0
5.564003249151861;2.0480000000000003e-10;1.7099395867671388;0.0
5.564003249356661;2.0480000000000003e-10;1.7099395867671388;0.0
5.564003249561461;2.0480000000000003e-10;1.7099395867671388;0.0
5.564003249766261;2.0480000000000003e-10;1.7099395867671388;0.0
5.56400324997106;2.0480000000000003e-10;1.7099395867671388;0.0
5.56400325017586;2.0480000000000003e-10;1.7099395867671388;0.0
5.56400325038066;2.0480000000000003e-10;1.7099395867671388;0.0
5.5640032505854595;2.0480000000000003e-10;1.7099395867671388;0.0
5.564003250790259;2.0480000000000003e-10;1.7099395867671388;0.0
5.564003250995059;2.0480000000000003e-10;1.7099395867671388;0.0
5.564003251199859;2.0480000000000003e-10;1.7099395867671388;0.0
5.5640032514046585;2.0480000000000003e-10;1.7099395867671388;0.0
5.564003251609458;2.0480000000000003e-10;1.7099395867671388;0.0
5.564003251814258;2.0480000000000003e-10;1.7099395867671388;0.0
5.564003252019058;2.0480000000000003e-10;1.7099395867671388;0.0
5.564003252223857;2.0480000000000003e-10;1.7099395867671388;0.0
5.564003252428657;2.0480000000000003e-10;1.7099395867671388;0.0
5.564003252633457;2.0480000000000003e-10;1.7099395867671388;0.0
5.564003252838257;2.0480000000000003e-10;1.7099395867671388;0.0
5.564003253043056;2.0480000000000003e-10;1.7099395867671388;0.0
5.564003253247856;2.0480000000000003e-10;1.7099395867671388;0.0
5.564003253452656;2.0480000000000003e-10;1.7099395867671388;0.0
5.5640032536574555;2.0480000000000003e-10;1.7099395867671388;0.0
5.564003253862255;2.0480000000000003e-10;1.7099395867671388;0.0
5.564003254067055;2.0480000000000003e-10;1.7099395867671388;0.0
5.564003254271855;2.0480000000000003e-10;1.7099395867671388;0.0
5.5640032544766544;2.0480000000000003e-10;1.7099395867671388;0.0
5.564003254681454;2.0480000000000003e-10;1.7099395867671388;0.0
5.564003254886254;2.0480000000000003e-10;1.7099395867671388;0.0
5.564003255091054;2.0480000000000003e-10;1.7099395867671388;0.0
5.564003255295853;2.0480000000000003e-10;1.7099395867671388;0.0
5.564003255500653;2.0480000000000003e-10;1.7099395867671388;0.0
5.564003255705453;2.0480000000000003e-10;1.7099395867671388;0.0
5.564003255910253;2.0480000000000003e-10;1.7099395867671388;0.0
5.564003256115052;2.0480000000000003e-10;1.7099395867671388;0.0
5.564003256319852;2.0480000000000003e-10;1.7099395867671388;0.0
5.564003256524652;2.0480000000000003e-10;1.7099395867671388;0.0
5.5640032567294515;2.0480000000000003e-10;1.7099395867671388;0.0
5.564003256934251;2.0480000000000003e-10;1.7099395867671388;0.0
5.564003257139051;2.0480000000000003e-10;1.7099395867671388;0.0
5.564003257343851;2.0480000000000003e-10;1.7099395867671388;0.0
5.56400325754865;2.0480000000000003e-10;1.7099395867671388;0.0
5.56400325775345;2.0480000000000003e-10;1.7099395867671388;0.0
5.56400325795825;2.0480000000000003e-10;1.7099395867671388;0.0
5.56400325816305;2.0480000000000003e-10;1.7099395867671388;0.0
5.564003258367849;2.0480000000000003e-10;1.7099395867671388;0.0
5.564003258572649;2.0480000000000003e-10;1.7099395867671388;0.0
5.564003258777449;2.0480000000000003e-10;1.7099395867671388;0.0
5.564003258982249;2.0480000000000003e-10;1.7099395867671388;0.0
5.564003259187048;2.0480000000000003e-10;1.7099395867671388;0.0
5.564003259391848;2.0480000000000003e-10;1.7099395867671388;0.0
5.564003259596648;2.0480000000000003e-10;1.7099395867671388;0.0
5.5640032598014475;2.0480000000000003e-10;1.7099395867671388;0.0
5.564003260006247;2.0480000000000003e-10;1.7099395867671388;0.0
5.564003260211047;2.0480000000000003e-10;1.7099395867671388;0.0
5.564003260415847;2.0480000000000003e-10;1.7099395867671388;0.0
5.564003260620646;2.0480000000000003e-10;1.7099395867671388;0.0
5.564003260825446;2.0480000000000003e-10;1.7099395867671388;0.0
5.564003261030246;2.0480000000000003e-10;1.7099395867671388;0.0
5.564003261235046;2.0480000000000003e-10;1.7099395867671388;0.0
5.564003261439845;2.0480000000000003e-10;1.7099395867671388;0.0
5.564003261644645;2.0480000000000003e-10;1.7099395867671388;0.0
5.564003261849445;2.0480000000000003e-10;1.7099395867671388;0.0
5.564003262054245;2.0480000000000003e-10;1.7099395867671388;0.0
5.564003262259044;2.0480000000000003e-10;1.7099395867671388;0.0
5.564003262463844;2.0480000000000003e-10;1.7099395867671388;0.0
5.564003262668644;2.0480000000000003e-10;1.7099395867671388;0.0
5.5640032628734435;2.0480000000000003e-10;1.7099395867671388;0.0
5.564003263078243;2.0480000000000003e-10;1.7099395867671388;0.0
5.564003263283043;2.0480000000000003e-10;1.7099395867671388;0.0
5.564003263487843;2.0480000000000003e-10;1.7099395867671388;0.0
5.564003263692642;2.0480000000000003e-10;1.7099395867671388;0.0
5.564003263897442;2.0480000000000003e-10;1.7099395867671388;0.0
5.564003264102242;2.0480000000000003e-10;1.7099395867671388;0.0
5.564003264307042;2.0480000000000003e-10;1.7099395867671388;0.0
5.564003264511841;2.0480000000000003e-10;1.7099395867671388;0.0
5.564003264716641;2.0480000000000003e-10;1.7099395867671388;0.0
5.564003264921441;2.0480000000000003e-10;1.7099395867671388;0.0
5.5640032651262405;2.0480000000000003e-10;1.7099395867671388;0.0
5.56400326533104;2.0480000000000003e-10;1.7099395867671388;0.0
5.56400326553584;2.0480000000000003e-10;1.7099395867671388;0.0
5.56400326574064;2.0480000000000003e-10;1.7099395867671388;0.0
5.5640032659454395;2.0480000000000003e-10;1.7099395867671388;0.0
5.564003266150239;2.0480000000000003e-10;1.7099395867671388;0.0
5.564003266355039;2.0480000000000003e-10;1.7099395867671388;0.0
5.564003266559839;2.0480000000000003e-10;1.7099395867671388;0.0
5.564003266764638;2.0480000000000003e-10;1.7099395867671388;0.0
5.564003266969438;2.0480000000000003e-10;1.7099395867671388;0.0
5.564003267174238;2.0480000000000003e-10;1.7099395867671388;0.0
5.564003267379038;2.0480000000000003e-10;1.7099395867671388;0.0
5.564003267583837;2.0480000000000003e-10;1.7099395867671388;0.0
5.564003267788637;2.0480000000000003e-10;1.7099395867671388;0.0
5.564003267993437;2.0480000000000003e-10;1.7099395867671388;0.0
5.5640032681982365;2.0480000000000003e-10;1.7099395867671388;0.0
5.564003268403036;2.0480000000000003e-10;1.7099395867671388;0.0
5.564003268607836;2.0480000000000003e-10;1.7099395867671388;0.0
5.564003268812636;2.0480000000000003e-10;1.7099395867671388;0.0
5.5640032690174355;2.0480000000000003e-10;1.7099395867671388;0.0
5.564003269222235;2.0480000000000003e-10;1.7099395867671388;0.0
5.564003269427035;2.0480000000000003e-10;1.7099395867671388;0.0
5.564003269631835;2.0480000000000003e-10;1.7099395867671388;0.0
5.564003269836634;2.0480000000000003e-10;1.7099395867671388;0.0
5.564003270041434;2.0480000000000003e-10;1.7099395867671388;0.0
5.564003270246234;2.0480000000000003e-10;1.7099395867671388;0.0
5.564003270451034;2.0480000000000003e-10;1.7099395867671388;0.0
5.564003270655833;2.0480000000000003e-10;1.7099395867671388;0.0
5.564003270860633;2.0480000000000003e-10;1.7099395867671388;0.0
5.564003271065433;2.0480000000000003e-10;1.7099395867671388;0.0
5.5640032712702325;2.0480000000000003e-10;1.7099395867671388;0.0
5.564003271475032;2.0480000000000003e-10;1.7099395867671388;0.0
5.564003271679832;2.0480000000000003e-10;1.7099395867671388;0.0
5.564003271884632;2.0480000000000003e-10;1.7099395867671388;0.0
5.5640032720894315;2.0480000000000003e-10;1.7099395867671388;0.0
5.564003272294231;2.0480000000000003e-10;1.7099395867671388;0.0
5.564003272499031;2.0480000000000003e-10;1.7099395867671388;0.0
5.564003272703831;2.0480000000000003e-10;1.7099395867671388;0.0
5.56400327290863;2.0480000000000003e-10;1.7099395867671388;0.0
5.56400327311343;2.0480000000000003e-10;1.7099395867671388;0.0
5.56400327331823;2.0480000000000003e-10;1.7099395867671388;0.0
5.56400327352303;2.0480000000000003e-10;1.7099395867671388;0.0
5.564003273727829;2.0480000000000003e-10;1.7099395867671388;0.0
5.564003273932629;2.0480000000000003e-10;1.7099395867671388;0.0
5.564003274137429;2.0480000000000003e-10;1.7099395867671388;0.0
5.5640032743422285;2.0480000000000003e-10;1.7099395867671388;0.0
5.564003274547028;2.0480000000000003e-10;1.7099395867671388;0.0
5.564003274751828;2.0480000000000003e-10;1.7099395867671388;0.0
5.564003274956628;2.0480000000000003e-10;1.7099395867671388;0.0
5.5640032751614275;2.0480000000000003e-10;1.7099395867671388;0.0
5.564003275366227;2.0480000000000003e-10;1.7099395867671388;0.0
5.564003275571027;2.0480000000000003e-10;1.7099395867671388;0.0
5.564003275775827;2.0480000000000003e-10;1.7099395867671388;0.0
5.564003275980626;2.0480000000000003e-10;1.7099395867671388;0.0
5.564003276185426;2.0480000000000003e-10;1.7099395867671388;0.0
5.564003276390226;2.0480000000000003e-10;1.7099395867671388;0.0
5.564003276595026;2.0480000000000003e-10;1.7099395867671388;0.0
5.564003276799825;2.0480000000000003e-10;1.7099395867671388;0.0
5.564003277004625;2.0480000000000003e-10;1.7099395867671388;0.0
5.564003277209425;2.0480000000000003e-10;1.7099395867671388;0.0
5.5640032774142245;2.0480000000000003e-10;1.7099395867671388;0.0
5.564003277619024;2.0480000000000003e-10;1.7099395867671388;0.0
5.564003277823824;2.0480000000000003e-10;1.7099395867671388;0.0
5.564003278028624;2.0480000000000003e-10;1.7099395867671388;0.0
5.564003278233423;2.0480000000000003e-10;1.7099395867671388;0.0
5.564003278438223;2.0480000000000003e-10;1.7099395867671388;0.0
5.564003278643023;2.0480000000000003e-10;1.7099395867671388;0.0
5.564003278847823;2.0480000000000003e-10;1.7099395867671388;0.0
5.564003279052622;2.0480000000000003e-10;1.7099395867671388;0.0
5.564003279257422;2.0480000000000003e-10;1.7099395867671388;0.0
5.564003279462222;2.0480000000000003e-10;1.7099395867671388;0.0
5.564003279667022;2.0480000000000003e-10;1.7099395867671388;0.0
5.564003279871821;2.0480000000000003e-10;1.7099395867671388;0.0
5.564003280076621;2.0480000000000003e-10;1.7099395867671388;0.0
5.564003280281421;2.0480000000000003e-10;1.7099395867671388;0.0
5.5640032804862205;2.0480000000000003e-10;1.7099395867671388;0.0
5.56400328069102;2.0480000000000003e-10;1.7099395867671388;0.0
5.56400328089582;2.0480000000000003e-10;1.7099395867671388;0.0
5.56400328110062;2.0480000000000003e-10;1.7099395867671388;0.0
5.564003281305419;2.0480000000000003e-10;1.7099395867671388;0.0
5.564003281510219;2.0480000000000003e-10;1.7099395867671388;0.0
5.564003281715019;2.0480000000000003e-10;1.7099395867671388;0.0
5.564003281919819;2.0480000000000003e-10;1.7099395867671388;0.0
5.564003282124618;2.0480000000000003e-10;1.7099395867671388;0.0
5.564003282329418;2.0480000000000003e-10;1.7099395867671388;0.0
5.564003282534218;2.0480000000000003e-10;1.7099395867671388;0.0
5.564003282739018;2.0480000000000003e-10;1.7099395867671388;0.0
5.564003282943817;2.0480000000000003e-10;1.7099395867671388;0.0
5.564003283148617;2.0480000000000003e-10;1.7099395867671388;0.0
5.564003283353417;2.0480000000000003e-10;1.7099395867671388;0.0
5.5640032835582165;2.0480000000000003e-10;1.7099395867671388;0.0
5.564003283763016;2.0480000000000003e-10;1.7099395867671388;0.0
5.564003283967816;2.0480000000000003e-10;1.7099395867671388;0.0
5.564003284172616;2.0480000000000003e-10;1.7099395867671388;0.0
5.564003284377415;2.0480000000000003e-10;1.7099395867671388;0.0
5.564003284582215;2.0480000000000003e-10;1.7099395867671388;0.0
5.564003284787015;2.0480000000000003e-10;1.7099395867671388;0.0
5.564003284991815;2.0480000000000003e-10;1.7099395867671388;0.0
5.564003285196614;2.0480000000000003e-10;1.7099395867671388;0.0
5.564003285401414;2.0480000000000003e-10;1.7099395867671388;0.0
5.564003285606214;2.0480000000000003e-10;1.7099395867671388;0.0
5.5640032858110136;2.0480000000000003e-10;1.7099395867671388;0.0
5.564003286015813;2.0480000000000003e-10;1.7099395867671388;0.0
5.564003286220613;2.0480000000000003e-10;1.7099395867671388;0.0
5.564003286425413;2.0480000000000003e-10;1.7099395867671388;0.0
5.5640032866302125;2.0480000000000003e-10;1.7099395867671388;0.0
5.564003286835012;2.0480000000000003e-10;1.7099395867671388;0.0
5.564003287039812;2.0480000000000003e-10;1.7099395867671388;0.0
5.564003287244612;2.0480000000000003e-10;1.7099395867671388;0.0
5.564003287449411;2.0480000000000003e-10;1.7099395867671388;0.0
5.564003287654211;2.0480000000000003e-10;1.7099395867671388;0.0
5.564003287859011;2.0480000000000003e-10;1.7099395867671388;0.0
5.564003288063811;2.0480000000000003e-10;1.7099395867671388;0.0
5.56400328826861;2.0480000000000003e-10;1.7099395867671388;0.0
5.56400328847341;2.0480000000000003e-10;1.7099395867671388;0.0
5.56400328867821;2.0480000000000003e-10;1.7099395867671388;0.0
5.5640032888830095;2.0480000000000003e-10;1.7099395867671388;0.0
5.564003289087809;2.0480000000000003e-10;1.7099395867671388;0.0
5.564003289292609;2.0480000000000003e-10;1.7099395867671388;0.0
5.564003289497409;2.0480000000000003e-10;1.7099395867671388;0.0
5.5640032897022085;2.0480000000000003e-10;1.7099395867671388;0.0
5.564003289907008;2.0480000000000003e-10;1.7099395867671388;0.0
5.564003290111808;2.0480000000000003e-10;1.7099395867671388;0.0
5.564003290316608;2.0480000000000003e-10;1.7099395867671388;0.0
5.564003290521407;2.0480000000000003e-10;1.7099395867671388;0.0
5.564003290726207;2.0480000000000003e-10;1.7099395867671388;0.0
5.564003290931007;2.0480000000000003e-10;1.7099395867671388;0.0
5.564003291135807;2.0480000000000003e-10;1.7099395867671388;0.0
5.564003291340606;2.0480000000000003e-10;1.7099395867671388;0.0
5.564003291545406;2.0480000000000003e-10;1.7099395867671388;0.0
5.564003291750206;2.0480000000000003e-10;1.7099395867671388;0.0
5.5640032919550055;2.0480000000000003e-10;1.7099395867671388;0.0
5.564003292159805;2.0480000000000003e-10;1.7099395867671388;0.0
5.564003292364605;2.0480000000000003e-10;1.7099395867671388;0.0
5.564003292569405;2.0480000000000003e-10;1.7099395867671388;0.0
5.5640032927742045;2.0480000000000003e-10;1.7099395867671388;0.0
5.564003292979004;2.0480000000000003e-10;1.7099395867671388;0.0
5.564003293183804;2.0480000000000003e-10;1.7099395867671388;0.0
5.564003293388604;2.0480000000000003e-10;1.7099395867671388;0.0
5.564003293593403;2.0480000000000003e-10;1.7099395867671388;0.0
5.564003293798203;2.0480000000000003e-10;1.7099395867671388;0.0
5.564003294003003;2.0480000000000003e-10;1.7099395867671388;0.0
5.564003294207803;2.0480000000000003e-10;1.7099395867671388;0.0
5.564003294412602;2.0480000000000003e-10;1.7099395867671388;0.0
5.564003294617402;2.0480000000000003e-10;1.7099395867671388;0.0
5.564003294822202;2.0480000000000003e-10;1.7099395867671388;0.0
5.5640032950270015;2.0480000000000003e-10;1.7099395867671388;0.0
5.564003295231801;2.0480000000000003e-10;1.7099395867671388;0.0
5.564003295436601;2.0480000000000003e-10;1.7099395867671388;0.0
5.564003295641401;2.0480000000000003e-10;1.7099395867671388;0.0
5.5640032958462005;2.0480000000000003e-10;1.7099395867671388;0.0
5.564003296051;2.0480000000000003e-10;1.7099395867671388;0.0
5.5640032962558;2.0480000000000003e-10;1.7099395867671388;0.0
5.5640032964606;2.0480000000000003e-10;1.7099395867671388;0.0
5.564003296665399;2.0480000000000003e-10;1.7099395867671388;0.0
5.564003296870199;2.0480000000000003e-10;1.7099395867671388;0.0
5.564003297074999;2.0480000000000003e-10;1.7099395867671388;0.0
5.564003297279799;2.0480000000000003e-10;1.7099395867671388;0.0
5.564003297484598;2.0480000000000003e-10;1.7099395867671388;0.0
5.564003297689398;2.0480000000000003e-10;1.7099395867671388;0.0
5.564003297894198;2.0480000000000003e-10;1.7099395867671388;0.0
5.5640032980989975;2.0480000000000003e-10;1.7099395867671388;0.0
5.564003298303797;2.0480000000000003e-10;1.7099395867671388;0.0
5.564003298508597;2.0480000000000003e-10;1.7099395867671388;0.0
5.564003298713397;2.0480000000000003e-10;1.7099395867671388;0.0
5.5640032989181964;2.0480000000000003e-10;1.7099395867671388;0.0
5.564003299122996;2.0480000000000003e-10;1.7099395867671388;0.0
5.564003299327796;2.0480000000000003e-10;1.7099395867671388;0.0
5.564003299532596;2.0480000000000003e-10;1.7099395867671388;0.0
5.564003299737395;2.0480000000000003e-10;1.7099395867671388;0.0
5.564003299942195;2.0480000000000003e-10;1.7099395867671388;0.0
5.564003300146995;2.0480000000000003e-10;1.7099395867671388;0.0
5.564003300351795;2.0480000000000003e-10;1.7099395867671388;0.0
5.564003300556594;2.0480000000000003e-10;1.7099395867671388;0.0
5.564003300761394;2.0480000000000003e-10;1.7099395867671388;0.0
5.564003300966194;2.0480000000000003e-10;1.7099395867671388;0.0
5.5640033011709935;2.0480000000000003e-10;1.7099395867671388;0.0
5.564003301375793;2.0480000000000003e-10;1.7099395867671388;0.0
5.564003301580593;2.0480000000000003e-10;1.7099395867671388;0.0
5.564003301785393;2.0480000000000003e-10;1.7099395867671388;0.0
5.564003301990192;2.0480000000000003e-10;1.7099395867671388;0.0
5.564003302194992;2.0480000000000003e-10;1.7099395867671388;0.0
5.564003302399792;2.0480000000000003e-10;1.7099395867671388;0.0
5.564003302604592;2.0480000000000003e-10;1.7099395867671388;0.0
5.564003302809391;2.0480000000000003e-10;1.7099395867671388;0.0
5.564003303014191;2.0480000000000003e-10;1.7099395867671388;0.0
5.564003303218991;2.0480000000000003e-10;1.7099395867671388;0.0
5.564003303423791;2.0480000000000003e-10;1.7099395867671388;0.0
5.56400330362859;2.0480000000000003e-10;1.7099395867671388;0.0
5.56400330383339;2.0480000000000003e-10;1.7099395867671388;0.0
5.56400330403819;2.0480000000000003e-10;1.7099395867671388;0.0
5.5640033042429895;2.0480000000000003e-10;1.7099395867671388;0.0
5.564003304447789;2.0480000000000003e-10;1.7099395867671388;0.0
5.564003304652589;2.0480000000000003e-10;1.7099395867671388;0.0
5.564003304857389;2.0480000000000003e-10;1.7099395867671388;0.0
5.564003305062188;2.0480000000000003e-10;1.7099395867671388;0.0
5.564003305266988;2.0480000000000003e-10;1.7099395867671388;0.0
5.564003305471788;2.0480000000000003e-10;1.7099395867671388;0.0
5.564003305676588;2.0480000000000003e-10;1.7099395867671388;0.0
5.564003305881387;2.0480000000000003e-10;1.7099395867671388;0.0
5.564003306086187;2.0480000000000003e-10;1.7099395867671388;0.0
5.564003306290987;2.0480000000000003e-10;1.7099395867671388;0.0
5.564003306495787;2.0480000000000003e-10;1.7099395867671388;0.0
5.564003306700586;2.0480000000000003e-10;1.7099395867671388;0.0
5.564003306905386;2.0480000000000003e-10;1.7099395867671388;0.0
5.564003307110186;2.0480000000000003e-10;1.7099395867671388;0.0
5.5640033073149855;2.0480000000000003e-10;1.7099395867671388;0.0
5.564003307519785;2.0480000000000003e-10;1.7099395867671388;0.0
5.564003307724585;2.0480000000000003e-10;1.7099395867671388;0.0
5.564003307929385;2.0480000000000003e-10;1.7099395867671388;0.0
5.564003308134184;2.0480000000000003e-10;1.7099395867671388;0.0
5.564003308338984;2.0480000000000003e-10;1.7099395867671388;0.0
5.564003308543784;2.0480000000000003e-10;1.7099395867671388;0.0
5.564003308748584;2.0480000000000003e-10;1.7099395867671388;0.0
5.564003308953383;2.0480000000000003e-10;1.7099395867671388;0.0
5.564003309158183;2.0480000000000003e-10;1.7099395867671388;0.0
5.564003309362983;2.0480000000000003e-10;1.7099395867671388;0.0
5.5640033095677826;2.0480000000000003e-10;1.7099395867671388;0.0
5.564003309772582;2.0480000000000003e-10;1.7099395867671388;0.0
5.564003309977382;2.0480000000000003e-10;1.7099395867671388;0.0
5.564003310182182;2.0480000000000003e-10;1.7099395867671388;0.0
5.5640033103869815;2.0480000000000003e-10;1.7099395867671388;0.0
5.564003310591781;2.0480000000000003e-10;1.7099395867671388;0.0
5.564003310796581;2.0480000000000003e-10;1.7099395867671388;0.0
5.564003311001381;2.0480000000000003e-10;1.7099395867671388;0.0
5.56400331120618;2.0480000000000003e-10;1.7099395867671388;0.0
5.56400331141098;2.0480000000000003e-10;1.7099395867671388;0.0
5.56400331161578;2.0480000000000003e-10;1.7099395867671388;0.0
5.56400331182058;2.0480000000000003e-10;1.7099395867671388;0.0
5.564003312025379;2.0480000000000003e-10;1.7099395867671388;0.0
5.564003312230179;2.0480000000000003e-10;1.7099395867671388;0.0
5.564003312434979;2.0480000000000003e-10;1.7099395867671388;0.0
5.5640033126397785;2.0480000000000003e-10;1.7099395867671388;0.0
5.564003312844578;2.0480000000000003e-10;1.7099395867671388;0.0
5.564003313049378;2.0480000000000003e-10;1.7099395867671388;0.0
5.564003313254178;2.0480000000000003e-10;1.7099395867671388;0.0
5.5640033134589775;2.0480000000000003e-10;1.7099395867671388;0.0
5.564003313663777;2.0480000000000003e-10;1.7099395867671388;0.0
5.564003313868577;2.0480000000000003e-10;1.7099395867671388;0.0
5.564003314073377;2.0480000000000003e-10;1.7099395867671388;0.0
5.564003314278176;2.0480000000000003e-10;1.7099395867671388;0.0
5.564003314482976;2.0480000000000003e-10;1.7099395867671388;0.0
5.564003314687776;2.0480000000000003e-10;1.7099395867671388;0.0
5.564003314892576;2.0480000000000003e-10;1.7099395867671388;0.0
5.564003315097375;2.0480000000000003e-10;1.7099395867671388;0.0
5.564003315302175;2.0480000000000003e-10;1.7099395867671388;0.0
5.564003315506975;2.0480000000000003e-10;1.7099395867671388;0.0
5.5640033157117745;2.0480000000000003e-10;1.7099395867671388;0.0
5.564003315916574;2.0480000000000003e-10;1.7099395867671388;0.0
5.564003316121374;2.0480000000000003e-10;1.7099395867671388;0.0
5.564003316326174;2.0480000000000003e-10;1.7099395867671388;0.0
5.5640033165309735;2.0480000000000003e-10;1.7099395867671388;0.0
5.564003316735773;2.0480000000000003e-10;1.7099395867671388;0.0
5.564003316940573;2.0480000000000003e-10;1.7099395867671388;0.0
5.564003317145373;2.0480000000000003e-10;1.7099395867671388;0.0
5.564003317350172;2.0480000000000003e-10;1.7099395867671388;0.0
5.564003317554972;2.0480000000000003e-10;1.7099395867671388;0.0
5.564003317759772;2.0480000000000003e-10;1.7099395867671388;0.0
5.564003317964572;2.0480000000000003e-10;1.7099395867671388;0.0
5.564003318169371;2.0480000000000003e-10;1.7099395867671388;0.0
5.564003318374171;2.0480000000000003e-10;1.7099395867671388;0.0
5.564003318578971;2.0480000000000003e-10;1.7099395867671388;0.0
5.5640033187837705;2.0480000000000003e-10;1.7099395867671388;0.0
5.56400331898857;2.0480000000000003e-10;1.7099395867671388;0.0
5.56400331919337;2.0480000000000003e-10;1.7099395867671388;0.0
5.56400331939817;2.0480000000000003e-10;1.7099395867671388;0.0
5.5640033196029695;2.0480000000000003e-10;1.7099395867671388;0.0
5.564003319807769;2.0480000000000003e-10;1.7099395867671388;0.0
5.564003320012569;2.0480000000000003e-10;1.7099395867671388;0.0
5.564003320217369;2.0480000000000003e-10;1.7099395867671388;0.0
5.564003320422168;2.0480000000000003e-10;1.7099395867671388;0.0
5.564003320626968;2.0480000000000003e-10;1.7099395867671388;0.0
5.564003320831768;2.0480000000000003e-10;1.7099395867671388;0.0
5.564003321036568;2.0480000000000003e-10;1.7099395867671388;0.0
5.564003321241367;2.0480000000000003e-10;1.7099395867671388;0.0
5.564003321446167;2.0480000000000003e-10;1.7099395867671388;0.0
5.564003321650967;2.0480000000000003e-10;1.7099395867671388;0.0
5.5640033218557665;2.0480000000000003e-10;1.7099395867671388;0.0
5.564003322060566;2.0480000000000003e-10;1.7099395867671388;0.0
5.564003322265366;2.0480000000000003e-10;1.7099395867671388;0.0
5.564003322470166;2.0480000000000003e-10;1.7099395867671388;0.0
5.5640033226749654;2.0480000000000003e-10;1.7099395867671388;0.0
5.564003322879765;2.0480000000000003e-10;1.7099395867671388;0.0
5.564003323084565;2.0480000000000003e-10;1.7099395867671388;0.0
5.564003323289365;2.0480000000000003e-10;1.7099395867671388;0.0
5.564003323494164;2.0480000000000003e-10;1.7099395867671388;0.0
5.564003323698964;2.0480000000000003e-10;1.7099395867671388;0.0
5.564003323903764;2.0480000000000003e-10;1.7099395867671388;0.0
5.564003324108564;2.0480000000000003e-10;1.7099395867671388;0.0
5.564003324313363;2.0480000000000003e-10;1.7099395867671388;0.0
5.564003324518163;2.0480000000000003e-10;1.7099395867671388;0.0
5.564003324722963;2.0480000000000003e-10;1.7099395867671388;0.0
5.5640033249277625;2.0480000000000003e-10;1.7099395867671388;0.0
5.564003325132562;2.0480000000000003e-10;1.7099395867671388;0.0
5.564003325337362;2.0480000000000003e-10;1.7099395867671388;0.0
5.564003325542162;2.0480000000000003e-10;1.7099395867671388;0.0
5.564003325746961;2.0480000000000003e-10;1.7099395867671388;0.0
5.564003325951761;2.0480000000000003e-10;1.7099395867671388;0.0
5.564003326156561;2.0480000000000003e-10;1.7099395867671388;0.0
5.564003326361361;2.0480000000000003e-10;1.7099395867671388;0.0
5.56400332656616;2.0480000000000003e-10;1.7099395867671388;0.0
5.56400332677096;2.0480000000000003e-10;1.7099395867671388;0.0
5.56400332697576;2.0480000000000003e-10;1.7099395867671388;0.0
5.56400332718056;2.0480000000000003e-10;1.7099395867671388;0.0
5.564003327385359;2.0480000000000003e-10;1.7099395867671388;0.0
5.564003327590159;2.0480000000000003e-10;1.7099395867671388;0.0
5.564003327794959;2.0480000000000003e-10;1.7099395867671388;0.0
5.5640033279997585;2.0480000000000003e-10;1.7099395867671388;0.0
5.564003328204558;2.0480000000000003e-10;1.7099395867671388;0.0
5.564003328409358;2.0480000000000003e-10;1.7099395867671388;0.0
5.564003328614158;2.0480000000000003e-10;1.7099395867671388;0.0
5.564003328818957;2.0480000000000003e-10;1.7099395867671388;0.0
5.564003329023757;2.0480000000000003e-10;1.7099395867671388;0.0
5.564003329228557;2.0480000000000003e-10;1.7099395867671388;0.0
5.564003329433357;2.0480000000000003e-10;1.7099395867671388;0.0
5.564003329638156;2.0480000000000003e-10;1.7099395867671388;0.0
5.564003329842956;2.0480000000000003e-10;1.7099395867671388;0.0
5.564003330047756;2.0480000000000003e-10;1.7099395867671388;0.0
5.564003330252556;2.0480000000000003e-10;1.7099395867671388;0.0
5.564003330457355;2.0480000000000003e-10;1.7099395867671388;0.0
5.564003330662155;2.0480000000000003e-10;1.7099395867671388;0.0
5.564003330866955;2.0480000000000003e-10;1.7099395867671388;0.0
5.5640033310717545;2.0480000000000003e-10;1.7099395867671388;0.0
5.564003331276554;2.0480000000000003e-10;1.7099395867671388;0.0
5.564003331481354;2.0480000000000003e-10;1.7099395867671388;0.0
5.564003331686154;2.0480000000000003e-10;1.7099395867671388;0.0
5.564003331890953;2.0480000000000003e-10;1.7099395867671388;0.0
5.564003332095753;2.0480000000000003e-10;1.7099395867671388;0.0
5.564003332300553;2.0480000000000003e-10;1.7099395867671388;0.0
5.564003332505353;2.0480000000000003e-10;1.7099395867671388;0.0
5.564003332710152;2.0480000000000003e-10;1.7099395867671388;0.0
5.564003332914952;2.0480000000000003e-10;1.7099395867671388;0.0
5.564003333119752;2.0480000000000003e-10;1.7099395867671388;0.0
5.5640033333245515;2.0480000000000003e-10;1.7099395867671388;0.0
5.564003333529351;2.0480000000000003e-10;1.7099395867671388;0.0
5.564003333734151;2.0480000000000003e-10;1.7099395867671388;0.0
5.564003333938951;2.0480000000000003e-10;1.7099395867671388;0.0
5.5640033341437505;2.0480000000000003e-10;1.7099395867671388;0.0
5.56400333434855;2.0480000000000003e-10;1.7099395867671388;0.0
5.56400333455335;2.0480000000000003e-10;1.7099395867671388;0.0
5.56400333475815;2.0480000000000003e-10;1.7099395867671388;0.0
5.564003334962949;2.0480000000000003e-10;1.7099395867671388;0.0
5.564003335167749;2.0480000000000003e-10;1.7099395867671388;0.0
5.564003335372549;2.0480000000000003e-10;1.7099395867671388;0.0
5.564003335577349;2.0480000000000003e-10;1.7099395867671388;0.0
5.564003335782148;2.0480000000000003e-10;1.7099395867671388;0.0
5.564003335986948;2.0480000000000003e-10;1.7099395867671388;0.0
5.564003336191748;2.0480000000000003e-10;1.7099395867671388;0.0
5.5640033363965475;2.0480000000000003e-10;1.7099395867671388;0.0
5.564003336601347;2.0480000000000003e-10;1.7099395867671388;0.0
5.564003336806147;2.0480000000000003e-10;1.7099395867671388;0.0
5.564003337010947;2.0480000000000003e-10;1.7099395867671388;0.0
5.5640033372157465;2.0480000000000003e-10;1.7099395867671388;0.0
5.564003337420546;2.0480000000000003e-10;1.7099395867671388;0.0
5.564003337625346;2.0480000000000003e-10;1.7099395867671388;0.0
5.564003337830146;2.0480000000000003e-10;1.7099395867671388;0.0
5.564003338034945;2.0480000000000003e-10;1.7099395867671388;0.0
5.564003338239745;2.0480000000000003e-10;1.7099395867671388;0.0
5.564003338444545;2.0480000000000003e-10;1.7099395867671388;0.0
5.564003338649345;2.0480000000000003e-10;1.7099395867671388;0.0
5.564003338854144;2.0480000000000003e-10;1.7099395867671388;0.0
5.564003339058944;2.0480000000000003e-10;1.7099395867671388;0.0
5.564003339263744;2.0480000000000003e-10;1.7099395867671388;0.0
5.5640033394685435;2.0480000000000003e-10;1.7099395867671388;0.0
5.564003339673343;2.0480000000000003e-10;1.7099395867671388;0.0
5.564003339878143;2.0480000000000003e-10;1.7099395867671388;0.0
5.564003340082943;2.0480000000000003e-10;1.7099395867671388;0.0
5.5640033402877425;2.0480000000000003e-10;1.7099395867671388;0.0
5.564003340492542;2.0480000000000003e-10;1.7099395867671388;0.0
5.564003340697342;2.0480000000000003e-10;1.7099395867671388;0.0
5.564003340902142;2.0480000000000003e-10;1.7099395867671388;0.0
5.564003341106941;2.0480000000000003e-10;1.7099395867671388;0.0
5.564003341311741;2.0480000000000003e-10;1.7099395867671388;0.0
5.564003341516541;2.0480000000000003e-10;1.7099395867671388;0.0
5.564003341721341;2.0480000000000003e-10;1.7099395867671388;0.0
5.56400334192614;2.0480000000000003e-10;1.7099395867671388;0.0
5.56400334213094;2.0480000000000003e-10;1.7099395867671388;0.0
5.56400334233574;2.0480000000000003e-10;1.7099395867671388;0.0
5.5640033425405395;2.0480000000000003e-10;1.7099395867671388;0.0
5.564003342745339;2.0480000000000003e-10;1.7099395867671388;0.0
5.564003342950139;2.0480000000000003e-10;1.7099395867671388;0.0
5.564003343154939;2.0480000000000003e-10;1.7099395867671388;0.0
5.5640033433597385;2.0480000000000003e-10;1.7099395867671388;0.0
5.564003343564538;2.0480000000000003e-10;1.7099395867671388;0.0
5.564003343769338;2.0480000000000003e-10;1.7099395867671388;0.0
5.564003343974138;2.0480000000000003e-10;1.7099395867671388;0.0
5.564003344178937;2.0480000000000003e-10;1.7099395867671388;0.0
5.564003344383737;2.0480000000000003e-10;1.7099395867671388;0.0
5.564003344588537;2.0480000000000003e-10;1.7099395867671388;0.0
5.564003344793337;2.0480000000000003e-10;1.7099395867671388;0.0
5.564003344998136;2.0480000000000003e-10;1.7099395867671388;0.0
5.564003345202936;2.0480000000000003e-10;1.7099395867671388;0.0
5.564003345407736;2.0480000000000003e-10;1.7099395867671388;0.0
5.5640033456125355;2.0480000000000003e-10;1.7099395867671388;0.0
5.564003345817335;2.0480000000000003e-10;1.7099395867671388;0.0
5.564003346022135;2.0480000000000003e-10;1.7099395867671388;0.0
5.564003346226935;2.0480000000000003e-10;1.7099395867671388;0.0
5.564003346431734;2.0480000000000003e-10;1.7099395867671388;0.0
5.564003346636534;2.0480000000000003e-10;1.7099395867671388;0.0
5.564003346841334;2.0480000000000003e-10;1.7099395867671388;0.0
5.564003347046134;2.0480000000000003e-10;1.7099395867671388;0.0
5.564003347250933;2.0480000000000003e-10;1.7099395867671388;0.0
5.564003347455733;2.0480000000000003e-10;1.7099395867671388;0.0
5.564003347660533;2.0480000000000003e-10;1.7099395867671388;0.0
5.564003347865333;2.0480000000000003e-10;1.7099395867671388;0.0
5.564003348070132;2.0480000000000003e-10;1.7099395867671388;0.0
5.564003348274932;2.0480000000000003e-10;1.7099395867671388;0.0
5.564003348479732;2.0480000000000003e-10;1.7099395867671388;0.0
5.5640033486845315;2.0480000000000003e-10;1.7099395867671388;0.0
5.564003348889331;2.0480000000000003e-10;1.7099395867671388;0.0
5.564003349094131;2.0480000000000003e-10;1.7099395867671388;0.0
5.564003349298931;2.0480000000000003e-10;1.7099395867671388;0.0
5.56400334950373;2.0480000000000003e-10;1.7099395867671388;0.0
5.56400334970853;2.0480000000000003e-10;1.7099395867671388;0.0
5.56400334991333;2.0480000000000003e-10;1.7099395867671388;0.0
5.56400335011813;2.0480000000000003e-10;1.7099395867671388;0.0
5.564003350322929;2.0480000000000003e-10;1.7099395867671388;0.0
5.564003350527729;2.0480000000000003e-10;1.7099395867671388;0.0
5.564003350732529;2.0480000000000003e-10;1.7099395867671388;0.0
5.564003350937329;2.0480000000000003e-10;1.7099395867671388;0.0
5.564003351142128;2.0480000000000003e-10;1.7099395867671388;0.0
5.564003351346928;2.0480000000000003e-10;1.7099395867671388;0.0
5.564003351551728;2.0480000000000003e-10;1.7099395867671388;0.0
5.5640033517565275;2.0480000000000003e-10;1.7099395867671388;0.0
5.564003351961327;2.0480000000000003e-10;1.7099395867671388;0.0
5.564003352166127;2.0480000000000003e-10;1.7099395867671388;0.0
5.564003352370927;2.0480000000000003e-10;1.7099395867671388;0.0
5.564003352575726;2.0480000000000003e-10;1.7099395867671388;0.0
5.564003352780526;2.0480000000000003e-10;1.7099395867671388;0.0
5.564003352985326;2.0480000000000003e-10;1.7099395867671388;0.0
5.564003353190126;2.0480000000000003e-10;1.7099395867671388;0.0
5.564003353394925;2.0480000000000003e-10;1.7099395867671388;0.0
5.564003353599725;2.0480000000000003e-10;1.7099395867671388;0.0
5.564003353804525;2.0480000000000003e-10;1.7099395867671388;0.0
5.5640033540093246;2.0480000000000003e-10;1.7099395867671388;0.0
5.564003354214124;2.0480000000000003e-10;1.7099395867671388;0.0
5.564003354418924;2.0480000000000003e-10;1.7099395867671388;0.0
5.564003354623724;2.0480000000000003e-10;1.7099395867671388;0.0
5.5640033548285235;2.0480000000000003e-10;1.7099395867671388;0.0
5.564003355033323;2.0480000000000003e-10;1.7099395867671388;0.0
5.564003355238123;2.0480000000000003e-10;1.7099395867671388;0.0
5.564003355442923;2.0480000000000003e-10;1.7099395867671388;0.0
5.564003355647722;2.0480000000000003e-10;1.7099395867671388;0.0
5.564003355852522;2.0480000000000003e-10;1.7099395867671388;0.0
5.564003356057322;2.0480000000000003e-10;1.7099395867671388;0.0
5.564003356262122;2.0480000000000003e-10;1.7099395867671388;0.0
5.564003356466921;2.0480000000000003e-10;1.7099395867671388;0.0
5.564003356671721;2.0480000000000003e-10;1.7099395867671388;0.0
5.564003356876521;2.0480000000000003e-10;1.7099395867671388;0.0
5.5640033570813205;2.0480000000000003e-10;1.7099395867671388;0.0
5.56400335728612;2.0480000000000003e-10;1.7099395867671388;0.0
5.56400335749092;2.0480000000000003e-10;1.7099395867671388;0.0
5.56400335769572;2.0480000000000003e-10;1.7099395867671388;0.0
5.5640033579005195;2.0480000000000003e-10;1.7099395867671388;0.0
5.564003358105319;2.0480000000000003e-10;1.7099395867671388;0.0
5.564003358310119;2.0480000000000003e-10;1.7099395867671388;0.0
5.564003358514919;2.0480000000000003e-10;1.7099395867671388;0.0
5.564003358719718;2.0480000000000003e-10;1.7099395867671388;0.0
5.564003358924518;2.0480000000000003e-10;1.7099395867671388;0.0
5.564003359129318;2.0480000000000003e-10;1.7099395867671388;0.0
5.564003359334118;2.0480000000000003e-10;1.7099395867671388;0.0
5.564003359538917;2.0480000000000003e-10;1.7099395867671388;0.0
5.564003359743717;2.0480000000000003e-10;1.7099395867671388;0.0
5.564003359948517;2.0480000000000003e-10;1.7099395867671388;0.0
5.5640033601533165;2.0480000000000003e-10;1.7099395867671388;0.0
5.564003360358116;2.0480000000000003e-10;1.7099395867671388;0.0
5.564003360562916;2.0480000000000003e-10;1.7099395867671388;0.0
5.564003360767716;2.0480000000000003e-10;1.7099395867671388;0.0
5.5640033609725155;2.0480000000000003e-10;1.7099395867671388;0.0
5.564003361177315;2.0480000000000003e-10;1.7099395867671388;0.0
5.564003361382115;2.0480000000000003e-10;1.7099395867671388;0.0
5.564003361586915;2.0480000000000003e-10;1.7099395867671388;0.0
5.564003361791714;2.0480000000000003e-10;1.7099395867671388;0.0
5.564003361996514;2.0480000000000003e-10;1.7099395867671388;0.0
5.564003362201314;2.0480000000000003e-10;1.7099395867671388;0.0
5.564003362406114;2.0480000000000003e-10;1.7099395867671388;0.0
5.564003362610913;2.0480000000000003e-10;1.7099395867671388;0.0
5.564003362815713;2.0480000000000003e-10;1.7099395867671388;0.0
5.564003363020513;2.0480000000000003e-10;1.7099395867671388;0.0
5.5640033632253125;2.0480000000000003e-10;1.7099395867671388;0.0
5.564003363430112;2.0480000000000003e-10;1.7099395867671388;0.0
5.564003363634912;2.0480000000000003e-10;1.7099395867671388;0.0
5.564003363839712;2.0480000000000003e-10;1.7099395867671388;0.0
5.5640033640445115;2.0480000000000003e-10;1.7099395867671388;0.0
5.564003364249311;2.0480000000000003e-10;1.7099395867671388;0.0
5.564003364454111;2.0480000000000003e-10;1.7099395867671388;0.0
5.564003364658911;2.0480000000000003e-10;1.7099395867671388;0.0
5.56400336486371;2.0480000000000003e-10;1.7099395867671388;0.0
5.56400336506851;2.0480000000000003e-10;1.7099395867671388;0.0
5.56400336527331;2.0480000000000003e-10;1.7099395867671388;0.0
5.56400336547811;2.0480000000000003e-10;1.7099395867671388;0.0
5.564003365682909;2.0480000000000003e-10;1.7099395867671388;0.0
5.564003365887709;2.0480000000000003e-10;1.7099395867671388;0.0
5.564003366092509;2.0480000000000003e-10;1.7099395867671388;0.0
5.5640033662973085;2.0480000000000003e-10;1.7099395867671388;0.0
5.564003366502108;2.0480000000000003e-10;1.7099395867671388;0.0
5.564003366706908;2.0480000000000003e-10;1.7099395867671388;0.0
5.564003366911708;2.0480000000000003e-10;1.7099395867671388;0.0
5.5640033671165074;2.0480000000000003e-10;1.7099395867671388;0.0
5.564003367321307;2.0480000000000003e-10;1.7099395867671388;0.0
5.564003367526107;2.0480000000000003e-10;1.7099395867671388;0.0
5.564003367730907;2.0480000000000003e-10;1.7099395867671388;0.0
5.564003367935706;2.0480000000000003e-10;1.7099395867671388;0.0
5.564003368140506;2.0480000000000003e-10;1.7099395867671388;0.0
5.564003368345306;2.0480000000000003e-10;1.7099395867671388;0.0
5.564003368550106;2.0480000000000003e-10;1.7099395867671388;0.0
5.564003368754905;2.0480000000000003e-10;1.7099395867671388;0.0
5.564003368959705;2.0480000000000003e-10;1.7099395867671388;0.0
5.564003369164505;2.0480000000000003e-10;1.7099395867671388;0.0
5.5640033693693045;2.0480000000000003e-10;1.7099395867671388;0.0
5.564003369574104;2.0480000000000003e-10;1.7099395867671388;0.0
5.564003369778904;2.0480000000000003e-10;1.7099395867671388;0.0
5.564003369983704;2.0480000000000003e-10;1.7099395867671388;0.0
5.564003370188503;2.0480000000000003e-10;1.7099395867671388;0.0
5.564003370393303;2.0480000000000003e-10;1.7099395867671388;0.0
5.564003370598103;2.0480000000000003e-10;1.7099395867671388;0.0
5.564003370802903;2.0480000000000003e-10;1.7099395867671388;0.0
5.564003371007702;2.0480000000000003e-10;1.7099395867671388;0.0
5.564003371212502;2.0480000000000003e-10;1.7099395867671388;0.0
5.564003371417302;2.0480000000000003e-10;1.7099395867671388;0.0
5.564003371622102;2.0480000000000003e-10;1.7099395867671388;0.0
5.564003371826901;2.0480000000000003e-10;1.7099395867671388;0.0
5.564003372031701;2.0480000000000003e-10;1.7099395867671388;0.0
5.564003372236501;2.0480000000000003e-10;1.7099395867671388;0.0
5.5640033724413005;2.0480000000000003e-10;1.7099395867671388;0.0
5.5640033726461;2.0480000000000003e-10;1.7099395867671388;0.0
5.5640033728509;2.0480000000000003e-10;1.7099395867671388;0.0
5.5640033730557;2.0480000000000003e-10;1.7099395867671388;0.0
5.564003373260499;2.0480000000000003e-10;1.7099395867671388;0.0
5.564003373465299;2.0480000000000003e-10;1.7099395867671388;0.0
5.564003373670099;2.0480000000000003e-10;1.7099395867671388;0.0
5.564003373874899;2.0480000000000003e-10;1.7099395867671388;0.0
5.564003374079698;2.0480000000000003e-10;1.7099395867671388;0.0
5.564003374284498;2.0480000000000003e-10;1.7099395867671388;0.0
5.564003374489298;2.0480000000000003e-10;1.7099395867671388;0.0
5.564003374694098;2.0480000000000003e-10;1.7099395867671388;0.0
5.564003374898897;2.0480000000000003e-10;1.7099395867671388;0.0
5.564003375103697;2.0480000000000003e-10;1.7099395867671388;0.0
5.564003375308497;2.0480000000000003e-10;1.7099395867671388;0.0
5.5640033755132965;2.0480000000000003e-10;1.7099395867671388;0.0
5.564003375718096;2.0480000000000003e-10;1.7099395867671388;0.0
5.564003375922896;2.0480000000000003e-10;1.7099395867671388;0.0
5.564003376127696;2.0480000000000003e-10;1.7099395867671388;0.0
5.564003376332495;2.0480000000000003e-10;1.7099395867671388;0.0
5.564003376537295;2.0480000000000003e-10;1.7099395867671388;0.0
5.564003376742095;2.0480000000000003e-10;1.7099395867671388;0.0
5.564003376946895;2.0480000000000003e-10;1.7099395867671388;0.0
5.564003377151694;2.0480000000000003e-10;1.7099395867671388;0.0
5.564003377356494;2.0480000000000003e-10;1.7099395867671388;0.0
5.564003377561294;2.0480000000000003e-10;1.7099395867671388;0.0
5.5640033777660935;2.0480000000000003e-10;1.7099395867671388;0.0
5.564003377970893;2.0480000000000003e-10;1.7099395867671388;0.0
5.564003378175693;2.0480000000000003e-10;1.7099395867671388;0.0
5.564003378380493;2.0480000000000003e-10;1.7099395867671388;0.0
5.5640033785852925;2.0480000000000003e-10;1.7099395867671388;0.0
